title_id,title,year,imdb_rating,votes,runtime_min,Certificate,primary_genre,gross_usd,licensing_score,tier,rank
the-lion-king-1994,The Lion King,1994,8.5,942045,88,U,Animation,422783777.0,0.8270394926973994,A,1
the-lord-of-the-rings-the-fellowship-of-the-ring-2001,The Lord of the Rings: The Fellowship of the Ring,2001,8.8,1661481,178,U,Action,315544750.0,0.8222361752396186,A,2
terminator-2-judgment-day-1991,Terminator 2: Judgment Day,1991,8.5,995506,137,U,Action,204843350.0,0.8036565225739976,A,3
toy-story-3-2010,Toy Story 3,2010,8.2,757032,103,U,Animation,415004880.0,0.8032965109525363,A,4
the-dark-knight-rises-2012,The Dark Knight Rises,2012,8.4,1516346,164,UA,Action,448139099.0,0.79831518275882,A,5
interstellar-2014,Interstellar,2014,8.6,1512360,169,UA,Adventure,188020017.0,0.798273776811114,A,6
la-vita-bella-1997,La vita è bella,1997,8.6,623629,116,U,Comedy,57598247.0,0.7976238295992476,A,7
star-wars-episode-vi-return-of-the-jedi-1983,Star Wars: Episode VI - Return of the Jedi,1983,8.3,950470,131,U,Action,309125409.0,0.7956565719616132,A,8
inside-out-2015,Inside Out,2015,8.1,616228,95,U,Animation,356461711.0,0.7906880407755014,A,9
the-sting-1973,The Sting,1973,8.3,241513,129,U,Comedy,159600000.0,0.7842471075704014,A,10
how-to-train-your-dragon-2010,How to Train Your Dragon,2010,8.1,666773,98,U,Animation,217581231.0,0.7827707008000881,A,11
the-prestige-2006,The Prestige,2006,8.5,1190259,130,U,Drama,53089891.0,0.7815184971467065,A,12
zootopia-2016,Zootopia,2016,8.0,434143,108,U,Animation,341268248.0,0.779683564874518,A,13
star-wars-episode-vii-the-force-awakens-2015,Star Wars: Episode VII - The Force Awakens,2015,7.9,860823,138,U,Action,936662225.0,0.7773309318050763,A,14
the-avengers-2012,The Avengers,2012,8.0,1260806,143,UA,Action,623279547.0,0.7768079705479735,A,15
batman-begins-2005,Batman Begins,2005,8.2,1308302,140,UA,Action,206852432.0,0.7756367827003666,A,16
it-s-a-wonderful-life-1946,It's a Wonderful Life,1946,8.6,405801,130,PG,Drama,,0.7730800910369567,A,17
the-bourne-ultimatum-2007,The Bourne Ultimatum,2007,8.0,604694,115,UA,Action,227471070.0,0.7693916658155118,A,18
toy-story-4-2019,Toy Story 4,2019,7.8,203177,100,U,Animation,434038008.0,0.7693246977133722,A,19
ratatouille-2007,Ratatouille,2007,8.0,641645,111,U,Animation,206445654.0,0.7692004272791043,A,20
beauty-and-the-beast-1991,Beauty and the Beast,1991,8.0,417178,84,G,Animation,218967620.0,0.7682880090870873,A,21
rocky-1976,Rocky,1976,8.1,518546,120,U,Drama,117235247.0,0.7641496196571603,A,22
soorarai-pottru-2020,Soorarai Pottru,2020,8.6,54995,153,U,Drama,,0.7638800910369568,A,23
pirates-of-the-caribbean-the-curse-of-the-black-pearl-2003,Pirates of the Caribbean: The Curse of the Black Pearl,2003,8.0,1015122,143,UA,Action,305413918.0,0.7636334825331642,A,24
snatch-2000,Snatch,2000,8.3,782001,104,UA,Comedy,30328156.0,0.7635774812221294,A,25
green-book-2018,Green Book,2018,8.2,377884,130,UA,Biography,85080171.0,0.7632286474801174,A,26
bohemian-rhapsody-2018,Bohemian Rhapsody,2018,8.0,450349,134,UA,Biography,216428042.0,0.7608725536975651,A,27
the-godfather-1972,The Godfather,1972,9.2,1620367,175,A,Crime,134966411.0,0.7593757788281944,A,28
the-grand-budapest-hotel-2014,The Grand Budapest Hotel,2014,8.1,707630,99,UA,Adventure,59100318.0,0.7590993004574907,A,29
dead-poets-society-1989,Dead Poets Society,1989,8.1,425457,128,U,Comedy,95860116.0,0.7572319334820514,A,30
butch-cassidy-and-the-sundance-kid-1969,Butch Cassidy and the Sundance Kid,1969,8.0,201888,110,PG,Biography,102308889.0,0.7566343909082976,A,31
million-dollar-baby-2004,Million Dollar Baby,2004,8.1,635975,132,UA,Drama,100492203.0,0.7565034913605686,A,32
pan-s-labyrinth-2006,Pan's Labyrinth,2006,8.2,618623,118,UA,Drama,37634615.0,0.7529639873021076,A,33
the-imitation-game-2014,The Imitation Game,2014,8.0,685201,114,UA,Biography,91125683.0,0.7528964693087454,A,34
tengoku-to-jigoku-1963,Tengoku to jigoku,1963,8.4,34357,143,,Crime,,0.7498800910369567,A,35
captain-america-civil-war-2016,Captain America: Civil War,2016,7.8,663649,147,UA,Action,408084349.0,0.7493859279288483,A,36
vikram-vedha-2017,Vikram Vedha,2017,8.4,28401,147,UA,Action,,0.7482800910369568,A,37
tangled-2010,Tangled,2010,7.7,405922,100,U,Animation,200821936.0,0.7460903379156236,A,38
arrival-2016,Arrival,2016,7.9,594181,116,UA,Drama,100546139.0,0.7449134013873452,A,39
some-like-it-hot-1959,Some Like It Hot,1959,8.2,243943,121,U,Comedy,25000000.0,0.7442092445019791,A,40
witness-for-the-prosecution-1957,Witness for the Prosecution,1957,8.4,108862,116,U,Crime,8175000.0,0.7435646119432575,A,41
home-alone-1990,Home Alone,1990,7.6,488817,103,U,Comedy,285761243.0,0.7424050804827002,A,42
blade-runner-1982,Blade Runner,1982,8.1,693827,117,UA,Action,32868943.0,0.7418633492604705,A,43
the-fugitive-1993,The Fugitive,1993,7.8,267684,130,U,Action,183875760.0,0.7414621360344666,A,44
hidden-figures-2016,Hidden Figures,2016,7.8,200876,127,UA,Biography,169607287.0,0.7411703040053361,A,45
lion-2016,Lion,2016,8.0,213970,118,U,Biography,51739495.0,0.7408426394509047,A,46
cast-away-2000,Cast Away,2000,7.8,524235,143,UA,Adventure,233632142.0,0.740685247416637,A,47
the-terminator-1984,The Terminator,1984,8.0,799795,107,UA,Action,38400000.0,0.7397358291239355,A,48
per-qualche-dollaro-in-pi-1965,Per qualche dollaro in più,1965,8.3,232772,132,U,Western,15000000.0,0.7393747717134391,A,49
wo-hu-cang-long-2000,Wo hu cang long,2000,7.8,253228,120,UA,Action,128078872.0,0.7387834615192655,A,50
edward-scissorhands-1990,Edward Scissorhands,1990,7.9,447368,105,U,Drama,56362352.0,0.7386232223057154,A,51
ivanovo-detstvo-1962,Ivanovo detstvo,1962,8.1,31728,95,,Drama,,0.7380800910369567,A,52
ocean-s-eleven-2001,Ocean's Eleven,2001,7.7,516372,116,UA,Crime,183417150.0,0.7380160142418052,A,53
eskiya-1996,Eskiya,1996,8.2,64118,128,,Crime,,0.7378800910369567,A,54
the-princess-bride-1987,The Princess Bride,1987,8.0,393899,98,U,Adventure,30857814.0,0.7376972451732438,A,55
dog-day-afternoon-1975,Dog Day Afternoon,1975,8.0,235652,125,U,Bqiography,50000000.0,0.7374110266794787,A,56
mary-and-max-2009,Mary and Max,2009,8.1,164462,92,,Animation,,0.7368800910369567,A,57
skyfall-2012,Skyfall,2012,7.7,630614,143,UA,Action,304360277.0,0.7365696563268577,A,58
kumonosu-j-1957,Kumonosu-jô,1957,8.1,46678,110,,Drama,,0.7360800910369567,A,59
the-hobbit-the-desolation-of-smaug-2013,The Hobbit: The Desolation of Smaug,2013,7.8,601408,161,UA,Adventure,258366855.0,0.7353438388302823,A,60
t-ky-monogatari-1953,Tôkyô monogatari,1953,8.2,53153,136,U,Drama,,0.7346800910369568,B,61
white-heat-1949,White Heat,1949,8.1,29807,114,,Action,,0.7344800910369568,B,62
hotel-rwanda-2004,Hotel Rwanda,2004,8.1,334320,121,PG-13,Biography,23530892.0,0.7340907261260177,B,63
drishyam-2013,Drishyam,2013,8.3,30722,160,U,Crime,,0.7340800910369569,B,64
kami-kodomo-no-ame-to-yuki-2012,Ôkami kodomo no Ame to Yuki,2012,8.1,38803,117,U,Animation,,0.7332800910369568,B,65
little-miss-sunshine-2006,Little Miss Sunshine,2006,7.8,439856,101,UA,Comedy,59891098.0,0.7323447834512861,B,66
double-indemnity-1944,Double Indemnity,1944,8.3,143525,107,Passed,Crime,5720000.0,0.7315690886681909,B,67
the-man-who-shot-liberty-valance-1962,The Man Who Shot Liberty Valance,1962,8.1,68827,123,,Drama,,0.7308800910369567,B,68
the-silence-of-the-lambs-1991,The Silence of the Lambs,1991,8.6,1270197,118,A,Crime,130742922.0,0.730767310913724,B,69
das-cabinet-des-dr-caligari-1920,Das Cabinet des Dr. Caligari,1920,8.1,57428,76,,Fantasy,,0.7304800910369568,B,70
the-elephant-man-1980,The Elephant Man,1980,8.1,220078,124,UA,Biography,,0.7304800910369568,B,71
in-the-name-of-the-father-1993,In the Name of the Father,1993,8.1,156842,133,UA,Biography,25010410.0,0.730416933420946,B,72
out-of-the-past-1947,Out of the Past,1947,8.0,32784,97,,Crime,,0.7298800910369567,B,73
isle-of-dogs-2018,Isle of Dogs,2018,7.9,139114,101,U,Animation,32015231.0,0.7297773085619389,B,74
little-women-2019,Little Women,2019,7.8,143250,135,U,Drama,108101214.0,0.7296515082345446,B,75
all-the-president-s-men-1976,All the President's Men,1976,7.9,103031,138,U,Biography,70600000.0,0.7295829869509378,B,76
scent-of-a-woman-1992,Scent of a Woman,1992,8.0,263918,156,UA,Drama,63895607.0,0.7295401519692969,B,77
sweet-smell-of-success-1957,Sweet Smell of Success,1957,8.0,28137,96,Approved,Drama,,0.7294800910369568,B,78
mission-impossible-fallout-2018,Mission: Impossible - Fallout,2018,7.7,291257,147,UA,Action,220159104.0,0.7289882337008414,B,79
x-first-class-2011,X: First Class,2011,7.7,645512,131,UA,Action,146408305.0,0.7278537560059499,B,80
the-blues-brothers-1980,The Blues Brothers,1980,7.9,183182,133,U,Action,57229890.0,0.7277053354052483,B,81
the-goonies-1985,The Goonies,1985,7.8,244430,114,U,Adventure,61503218.0,0.7276353517945309,B,82
the-thin-man-1934,The Thin Man,1934,8.0,26642,91,TV-PG,Comedy,,0.7274800910369568,B,83
vizontele-2001,Vizontele,2001,8.0,33592,110,,Comedy,,0.7270800910369567,B,84
k-g-f-chapter-1-2018,K.G.F: Chapter 1,2018,8.2,36680,156,UA,Action,,0.7266800910369567,B,85
sherlock-holmes-2009,Sherlock Holmes,2009,7.6,583158,128,PG-13,Action,209028679.0,0.7266300765041469,B,86
raiders-of-the-lost-ark-1981,Raiders of the Lost Ark,1981,8.4,884112,115,A,Action,248159971.0,0.7262994669708933,B,87
being-there-1979,Being There,1979,8.0,65625,130,PG,Comedy,30177511.0,0.7260855136900526,B,88
warrior-2011,Warrior,2011,8.2,435950,140,UA,Action,13657115.0,0.7254425658729536,B,89
andaz-apna-apna-1994,Andaz Apna Apna,1994,8.2,49300,160,U,Action,,0.7250800910369568,B,90
once-upon-a-time-in-the-west-1968,Once Upon a Time in the West,1968,8.5,302844,165,U,Western,5321508.0,0.7250353990142416,B,91
the-killing-1956,The Killing,1956,8.0,81702,84,Approved,Crime,,0.7246800910369567,B,92
les-diaboliques-1955,Les diaboliques,1955,8.0,61503,117,,Crime,,0.7242800910369567,B,93
a-star-is-born-2018,A Star Is Born,2018,7.6,334312,136,UA,Drama,215288866.0,0.7239750844181637,B,94
star-trek-ii-the-wrath-of-khan-1982,Star Trek II: The Wrath of Khan,1982,7.7,112704,113,U,Action,78912963.0,0.7236388780172175,B,95
the-others-2001,The Others,2001,7.6,337651,101,PG-13,Horror,96522687.0,0.7231591498137381,B,96
the-wrestler-2008,The Wrestler,2008,7.9,289415,109,UA,Drama,26236603.0,0.722900925021492,B,97
mulan-1998,Mulan,1998,7.6,256906,88,U,Animation,120620254.0,0.722875335021872,B,98
the-gold-rush-1925,The Gold Rush,1925,8.2,101053,95,Passed,Adventure,5450000.0,0.722476050340552,B,99
schindler-s-list-1993,Schindler's List,1993,8.9,1213505,195,A,Biography,96898818.0,0.7223678824318808,B,100
badhaai-ho-2018,Badhaai ho,2018,8.0,27978,124,UA,Comedy,,0.7214800910369568,B,101
tenk-no-shiro-rapyuta-1986,Tenkû no shiro Rapyuta,1986,8.0,150140,125,U,Animation,,0.7210800910369567,B,102
the-sandlot-1993,The Sandlot,1993,7.8,78963,101,U,Comedy,32416586.0,0.721007404463574,B,103
saving-private-ryan-1998,Saving Private Ryan,1998,8.6,1235804,169,R,Drama,216540909.0,0.7207939645082238,B,104
the-kid-1921,The Kid,1921,8.3,113314,68,Passed,Comedy,5450000.0,0.720676050340552,B,105
harvey-1950,Harvey,1950,7.9,52573,104,Approved,Comedy,,0.7204800910369569,B,106
baby-driver-2017,Baby Driver,2017,7.6,439406,113,UA,Action,107825862.0,0.7204044043912534,B,107
the-curious-case-of-benjamin-button-2008,The Curious Case of Benjamin Button,2008,7.8,589160,166,UA,Drama,127509326.0,0.7203011494146739,B,108
aguirre-der-zorn-gottes-1972,"Aguirre, der Zorn Gottes",1972,7.9,52397,95,,Action,,0.7200800910369568,B,109
nosferatu-1922,Nosferatu,1922,7.9,88794,94,,Fantasy,,0.7196800910369568,B,110
the-little-mermaid-1989,The Little Mermaid,1989,7.6,237696,83,U,Animation,111543479.0,0.7194304489891192,B,111
airlift-2016,Airlift,2016,8.0,52897,130,UA,Drama,,0.7190800910369567,B,112
the-count-of-monte-cristo-2002,The Count of Monte Cristo,2002,7.8,129022,131,PG-13,Action,54234062.0,0.7185123062055961,B,113
philadelphia-1993,Philadelphia,1993,7.7,224169,125,UA,Drama,77324422.0,0.71846329719523,B,114
the-message-1976,The Message,1976,8.2,43885,177,PG,Biography,,0.7182800910369568,B,115
fantasia-1940,Fantasia,1940,7.7,88662,125,G,Animation,76408097.0,0.7182431242711435,B,116
crimes-and-misdemeanors-1989,Crimes and Misdemeanors,1989,7.9,54670,104,PG-13,Comedy,18254702.0,0.7182015883955235,B,117
3-idiots-2009,3 Idiots,2009,8.4,344445,170,UA,Comedy,6532908.0,0.717823320252285,B,118
lost-in-translation-2003,Lost in Translation,2003,7.7,415074,102,UA,Comedy,44585453.0,0.7174941877222683,B,119
the-muppet-movie-1979,The Muppet Movie,1979,7.6,32802,95,U,Adventure,76657000.0,0.7173031903549586,B,120
the-philadelphia-story-1940,The Philadelphia Story,1940,7.9,63550,112,,Comedy,,0.7172800910369568,B,121
crash-2004,Crash,2004,7.7,419483,112,UA,Crime,54580300.0,0.7172298405931516,B,122
fantastic-mr-fox-2009,Fantastic Mr. Fox,2009,7.9,199696,87,PG,Animation,21002919.0,0.7171916670674561,B,123
the-game-1997,The Game,1997,7.8,345096,129,UA,Action,48323648.0,0.7171811953051013,B,124
the-odd-couple-1968,The Odd Couple,1968,7.7,31572,105,G,Comedy,44527234.0,0.7162700553378393,B,125
mr-smith-goes-to-washington-1939,Mr. Smith Goes to Washington,1939,8.1,107017,129,Passed,Comedy,9600000.0,0.7143322654730697,B,126
hauru-no-ugoku-shiro-2004,Hauru no ugoku shiro,2004,8.2,333915,119,U,Animation,4711096.0,0.7141851994028484,B,127
shaun-of-the-dead-2004,Shaun of the Dead,2004,7.9,512249,99,UA,Comedy,13542874.0,0.7138874233785043,B,128
the-naked-gun-from-the-files-of-police-squad-1988,The Naked Gun: From the Files of Police Squad!,1988,7.6,152871,85,U,Comedy,78756177.0,0.7138021467679226,B,129
manchester-by-the-sea-2016,Manchester by the Sea,2016,7.8,246963,137,UA,Drama,47695120.0,0.7137393989917555,B,130
mononoke-hime-1997,Mononoke-hime,1997,8.4,343171,134,U,Animation,2375308.0,0.7135377060707832,B,131
patton-1970,Patton,1970,7.9,93741,172,U,Biography,61700000.0,0.713494349980911,B,132
to-have-and-have-not-1944,To Have and Have Not,1944,7.8,31053,100,PG,Adventure,,0.7130800910369567,B,133
ordinary-people-1980,Ordinary People,1980,7.7,47099,124,U,DMrama,54800000.0,0.7125040342032445,B,134
saw-2004,Saw,2004,7.6,379020,103,UA,Horror,56000369.0,0.7123042235548422,B,135
bringing-up-baby-1938,Bringing Up Baby,1938,7.8,55163,102,Passed,Comedy,,0.7122800910369567,B,136
goodfellas-1990,Goodfellas,1990,8.7,1020727,146,A,Biography,46836394.0,0.7117234587566771,B,137
the-manchurian-candidate-1962,The Manchurian Candidate,1962,7.9,71122,126,PG-13,Drama,,0.7116800910369568,B,138
the-lady-vanishes-1938,The Lady Vanishes,1938,7.8,47400,96,,Mystery,,0.7114800910369568,B,139
jules-et-jim-1962,Jules et Jim,1962,7.8,37605,105,,Drama,,0.7110800910369567,B,140
the-departed-2006,The Departed,2006,8.5,1189773,151,A,Crime,132384315.0,0.710994692356495,B,141
kokuhaku-2010,Kokuhaku,2010,7.8,35713,106,,Drama,,0.7106800910369567,B,142
days-of-heaven-1978,Days of Heaven,1978,7.8,52852,94,PG,Drama,,0.7106800910369567,B,143
badlands-1973,Badlands,1973,7.8,66009,94,PG,Action,,0.7106800910369567,B,144
c-r-a-z-y-2005,C.R.A.Z.Y.,2005,7.9,31476,129,,Comedy,,0.7104800910369569,B,145
shadow-of-a-doubt-1943,Shadow of a Doubt,1943,7.8,59556,108,PG,Filtm-NKEoir,,0.7098800910369567,B,146
the-lion-in-winter-1968,The Lion in Winter,1968,7.9,29003,134,PG,Biography,22276975.0,0.7098793511819494,B,147
it-happened-one-night-1934,It Happened One Night,1934,8.1,94016,105,Approved,Comedy,4360000.0,0.7093547977212772,B,148
charade-1963,Charade,1963,7.9,68689,113,U,Comedy,13474588.0,0.7089940629153391,B,149
the-butterfly-effect-2004,The Butterfly Effect,2004,7.6,451479,113,U,Drama,57938693.0,0.7089326733764856,B,150
king-kong-1933,King Kong,1933,7.9,78991,100,Passed,Adventure,10000000.0,0.7086862095967627,B,151
seven-pounds-2008,Seven Pounds,2008,7.6,286770,123,UA,Drama,69951824.0,0.708412639941535,B,152
baby-2015,Baby,2015,8.0,52848,159,UA,Action,,0.7074800910369567,B,153
the-lost-weekend-1945,The Lost Weekend,1945,7.9,33549,101,Passed,Drama,9460000.0,0.7072609416768016,B,154
hot-fuzz-2007,Hot Fuzz,2007,7.8,463466,121,UA,Action,23637265.0,0.7071740286573583,B,155
alien-1979,Alien,1979,8.4,787806,117,R,HorrolrK,78900000.0,0.7065322594756177,B,156
barry-lyndon-1975,Barry Lyndon,1975,8.1,149843,185,PG,Adventure,,0.7060800910369567,B,157
the-green-mile-1999,The Green Mile,1999,8.6,1147794,189,A,Crime,136801374.0,0.7059602463043143,B,158
the-best-years-of-our-lives-1946,The Best Years of Our Lives,1946,8.0,57259,170,Approved,Drama,23650000.0,0.7055839765187625,B,159
philomena-2013,Philomena,2013,7.6,94212,98,PG-13,Biography,37707719.0,0.705399828059289,C,160
the-theory-of-everything-2014,The Theory of Everything,2014,7.7,404182,123,U,Biography,35893537.0,0.7050891632098142,C,161
ex-machina-2014,Ex Machina,2014,7.7,474141,108,UA,Drama,25442958.0,0.7047336200661873,C,162
uri-the-surgical-strike-2018,Uri: The Surgical Strike,2018,8.2,43444,138,UA,Action,4186168.0,0.7044033598411721,C,163
rupan-sansei-kariosutoro-no-shiro-1979,Rupan sansei: Kariosutoro no shiro,1979,7.7,27014,100,U,Animation,,0.7040800910369568,C,164
kick-ass-2010,Kick-Ass,2010,7.6,524081,117,UA,Action,48071303.0,0.703884497552471,C,165
do-lok-tin-si-1995,Do lok tin si,1995,7.7,26429,99,UA,Comedy,,0.7036800910369568,C,166
le-scaphandre-et-le-papillon-2007,Le scaphandre et le papillon,2007,8.0,103284,112,PG-13,Biography,5990075.0,0.7034211613390589,C,167
toki-o-kakeru-sh-jo-2006,Toki o kakeru shôjo,2006,7.7,60368,98,U,Animation,,0.7032800910369568,C,168
the-illusionist-2006,The Illusionist,2006,7.6,354728,110,U,Drama,39868642.0,0.703229022003559,C,169
deadpool-2016,Deadpool,2016,8.0,902669,108,R,Action,363070709.0,0.7027445986732304,C,170
the-taking-of-pelham-one-two-three-1974,The Taking of Pelham One Two Three,1974,7.7,26729,104,U,Action,,0.7024800910369569,C,171
fa-yeung-nin-wah-2000,Fa yeung nin wah,2000,8.1,124383,98,U,Drama,2734044.0,0.7019354666388289,C,172
cape-fear-1962,Cape Fear,1962,7.7,26457,106,Passed,Drama,,0.7016800910369568,C,173
spoorloos-1988,Spoorloos,1988,7.7,33982,107,,MysteryD,,0.7012800910369568,C,174
gattaca-1997,Gattaca,1997,7.8,280845,106,UA,Drama,12339633.0,0.701168983327232,C,175
duck-soup-1933,Duck Soup,1933,7.8,55581,69,,Comedy,,0.7006800910369567,C,176
the-ladykillers-1955,The Ladykillers,1955,7.7,26464,91,,Comedy,,0.7004800910369569,C,177
kung-fu-2004,Kung fu,2004,7.7,127250,99,UA,Action,17108591.0,0.7002040179621453,C,178
searching-2018,Searching,2018,7.6,140840,102,U/A,DraIma,26020957.0,0.698548495281752,C,179
love-and-death-1975,Love and Death,1975,7.7,36037,85,PG,Comedy,,0.6980800910369568,C,180
gifted-2017,Gifted,2017,7.6,99643,101,PG-13,Drama,24801212.0,0.6980618003602516,C,181
bacheha-ye-aseman-1997,Bacheha-Ye aseman,1997,8.3,65341,89,PG,Drama,933933.0,0.6964972549357225,C,182
hunt-for-the-wilderpeople-2016,Hunt for the Wilderpeople,2016,7.9,111483,101,UA,Adventure,5202582.0,0.6962179671055199,C,183
the-boy-in-the-striped-pyjamas-2008,The Boy in the Striped Pyjamas,2008,7.8,190748,94,PG-13,Dramda,9030581.0,0.6954029487101129,C,184
nebraska-2013,Nebraska,2013,7.7,112298,115,UA,Adventure,17654912.0,0.6951845618735084,C,185
from-here-to-eternity-1953,From Here to Eternity,1953,7.6,43374,118,Passed,Drama,30500000.0,0.6950818344395432,C,186
lifeboat-1944,Lifeboat,1944,7.6,26471,97,,Drama,,0.6938800910369567,C,187
death-note-desu-n-to-2006,Death Note: Desu nôto,2006,7.7,28630,126,,Crime,,0.6936800910369568,C,188
monty-python-and-the-holy-grail-1975,Monty Python and the Holy Grail,1975,8.2,500875,91,PG,Adventure,1229197.0,0.6933709190935886,C,189
inglourious-basterds-2009,Inglourious Basterds,2009,8.3,1267869,153,A,Adventure,120540719.0,0.6925168375264191,C,190
andhadhun-2018,Andhadhun,2018,8.3,71875,139,UA,Crime,1373943.0,0.692426960625776,C,191
sleepers-1996,Sleepers,1996,7.6,186734,147,UA,Crime,49100000.0,0.6922755550740364,C,192
watership-down-1978,Watership Down,1978,7.6,33656,91,U,Animation,,0.6914800910369567,C,193
kari-gurashi-no-arietti-2010,Kari-gurashi no Arietti,2010,7.6,80939,94,U,Animation,19202743.0,0.6913366854451533,C,194
the-adventures-of-robin-hood-1938,The Adventures of Robin Hood,1938,7.9,47175,102,PG,Action,3981000.0,0.6908752392855495,C,195
shutter-island-2010,Shutter Island,2010,8.2,1129894,138,A,Mystery,128012934.0,0.6908165556862658,C,196
loving-vincent-2017,Loving Vincent,2017,7.8,50778,94,UA,Animation,6735118.0,0.6899863156675963,C,197
zodiac-2007,Zodiac,2007,7.7,466080,157,UA,Crime,33080084.0,0.6899816100115581,C,198
unforgiven-1992,Unforgiven,1992,8.2,375935,130,A,Drama,101157447.0,0.6897828159395746,C,199
a-little-princess-1995,A Little Princess,1995,7.7,32236,97,U,Drama,10019307.0,0.6895218334447378,C,200
the-39-steps-1935,The 39 Steps,1935,7.6,51853,86,,Crime,,0.6894800910369567,C,201
tonari-no-totoro-1988,Tonari no Totoro,1988,8.2,291180,86,U,Animation,1105564.0,0.689413097989987,C,202
the-maltese-falcon-1941,The Maltese Falcon,1941,8.0,148928,100,,Film-Noir,2108060.0,0.6889332571761416,C,203
bajrangi-bhaijaan-2015,Bajrangi Bhaijaan,2015,8.0,72245,163,UA,Action,8178001.0,0.6887713905972178,C,204
touch-of-evil-1958,Touch of Evil,1958,8.0,98431,95,PG-13,Crirme,2237659.0,0.6880351607423486,C,205
the-wizard-of-oz-1939,The Wizard of Oz,1939,8.0,371379,102,U,Adventure,2076020.0,0.6878503944063183,C,206
der-himmel-ber-berlin-1987,Der Himmel über Berlin,1987,8.0,64722,128,U,Drama,3333969.0,0.6861993897258463,C,207
sleuth-1972,Sleuth,1972,8.0,44748,138,PG,Mystery,4081254.0,0.6859345879860694,C,208
catch-me-if-you-can-2002,Catch Me If You Can,2002,8.1,832846,141,A,BioHgraphy,164615351.0,0.6858167008003604,C,209
die-hard-1988,Die Hard,1988,8.2,793164,132,A,Action,83008852.0,0.6857761005228086,C,210
dancer-in-the-dark-2000,Dancer in the Dark,2000,8.0,102285,140,U,Crime,4184036.0,0.6855939512186738,C,211
metropolis-1927,Metropolis,1927,8.3,159992,153,,Drama,1236166.0,0.6848753346905305,C,212
gone-girl-2014,Gone Girl,2014,8.1,859695,149,A,Drama,167767189.0,0.6832519515950053,C,213
v-for-vendetta-2005,V for Vendetta,2005,8.2,1032749,132,A,Action,70511035.0,0.6830637290053964,C,214
a-night-at-the-opera-1935,A Night at the Opera,1935,7.9,30580,96,Passed,Comedy,2537520.0,0.6817577743023976,C,215
modern-times-1936,Modern Times,1936,8.5,217881,87,G,Comedy,163245.0,0.6814844756987306,C,216
me-and-earl-and-the-dying-girl-2015,Me and Earl and the Dying Girl,2015,7.7,123210,105,PG-13,ComedyT,6743776.0,0.6814100424200578,C,217
queen-2013,Queen,2013,8.2,60701,146,UA,Adventure,1429534.0,0.6813595136928908,C,218
la-la-land-2016,La La Land,2016,8.0,505918,128,A,Comedy,151101803.0,0.6809728839548264,C,219
deliverance-1972,Deliverance,1972,7.7,98740,109,U,Adventure,7056013.0,0.6806459552004105,C,220
paris-texas-1984,"Paris, Texas",1984,8.1,91188,145,U,Drama,2181987.0,0.6805698456981711,C,221
malcolm-x-1992,Malcolm X,1992,7.7,85819,202,U,Biography,48169908.0,0.6797223429421917,C,222
young-frankenstein-1974,Young Frankenstein,1974,8.0,143359,106,A,Comedy,86300000.0,0.679582409134686,C,223
batman-mask-of-the-phantasm-1993,Batman: Mask of the Phantasm,1993,7.8,43690,76,PG,Animation,5617391.0,0.6794347711819391,C,224
the-conversation-1974,The Conversation,1974,7.8,98611,113,U,Drama,4420000.0,0.6794072262155179,C,225
ed-wood-1994,Ed Wood,1994,7.8,164937,127,U,Biography,5887457.0,0.6791020200091051,C,226
cidade-de-deus-2002,Cidade de Deus,2002,8.6,699256,130,A,Crime,7563397.0,0.6790756068428226,C,227
the-visitor-2007,The Visitor,2007,7.6,41544,104,PG-13,Drama,9422422.0,0.6789874308223826,C,228
song-of-the-sea-2014,Song of the Sea,2014,8.1,51679,93,PG,Animation,857524.0,0.6785208195159684,C,229
the-great-dictator-1940,The Great Dictator,1940,8.4,203150,125,Passed,Comedy,288475.0,0.678199906681666,C,230
kaze-tachinu-2013,Kaze tachinu,2013,7.8,73690,126,PG-13,Animation,5209580.0,0.677242793176006,C,231
dazed-and-confused-1993,Dazed and Confused,1993,7.6,165465,102,U,Comedy,7993039.0,0.6767488792003711,C,232
the-right-stuff-1983,The Right Stuff,1983,7.8,56235,193,PG,Adventure,21500000.0,0.6766236863863793,C,233
all-quiet-on-the-western-front-1930,All Quiet on the Western Front,1930,8.0,57318,152,U,Drama,3270000.0,0.6762415793187161,C,234
barton-fink-1991,Barton Fink,1991,7.7,113240,116,U,Comedy,6153939.0,0.6753196124421575,C,235
le-notti-di-cabiria-1957,Le notti di Cabiria,1957,8.1,42940,110,,Drama,752045.0,0.6748967018476749,C,236
pink-2016,Pink,2016,8.1,39216,136,UA,Drama,1241223.0,0.6737507351481764,C,237
omg-oh-my-god-2012,OMG: Oh My God!,2012,8.1,51739,125,U,Comedy,923221.0,0.6726841949100076,C,238
deadpool-2-2018,Deadpool 2,2018,7.7,478586,119,R,Action,324591735.0,0.6726224276923208,C,239
hacksaw-ridge-2016,Hacksaw Ridge,2016,8.1,435928,139,A,Biography,67209615.0,0.6716466480959512,C,240
12-years-a-slave-2013,12 Years a Slave,2013,8.1,640533,134,A,Biography,56671993.0,0.670611968244799,C,241
taken-2008,Taken,2008,7.8,564791,90,A,Action,145000989.0,0.6705678308563826,C,242
the-king-of-comedy-1982,The King of Comedy,1982,7.8,88511,109,U,Comedy,2500000.0,0.67048265004372,C,243
sunrise-a-song-of-two-humans-1927,Sunrise: A Song of Two Humans,1927,8.1,46865,94,Passed,Drama,539540.0,0.6703635174292485,C,244
heat-1995,Heat,1995,8.2,577113,170,A,Crime,67436818.0,0.6686427447689216,C,245
lola-rennt-1998,Lola rennt,1998,7.6,188317,81,UA,Crime,7267585.0,0.6681916032097965,C,246
kaguyahime-no-monogatari-2013,Kaguyahime no monogatari,2013,8.0,38746,137,U,Animation,1506975.0,0.6679338637409951,C,247
kramer-vs-kramer-1979,Kramer vs. Kramer,1979,7.8,133351,105,A,Drama,106260000.0,0.6672008047399685,C,248
idi-i-smotri-1985,Idi i smotri,1985,8.3,59056,142,A,Drama,,0.6671520819332611,C,249
the-bourne-supremacy-2004,The Bourne Supremacy,2004,7.7,434841,108,A,Action,176241941.0,0.6664310996359765,C,250
the-magnificent-seven-1960,The Magnificent Seven,1960,7.7,87719,128,Approved,Action,4905000.0,0.6663301401683507,C,251
la-vie-en-rose-2007,La Vie En Rose,2007,7.6,82781,140,PG-13,Biography,10301706.0,0.6662351918752119,C,252
le-d-ner-de-cons-1998,Le dîner de cons,1998,7.7,37424,80,PG-13,Comedy,4065116.0,0.6660614132740816,C,253
prisoners-2013,Prisoners,2013,8.1,601149,153,A,Crime,61002302.0,0.6649958822856622,C,254
twelve-monkeys-1995,Twelve Monkeys,1995,8.0,578443,129,A,Mystery,57141459.0,0.6644490976191644,C,255
kaze-no-tani-no-naushika-1984,Kaze no tani no Naushika,1984,8.1,150924,117,U,Animation,495770.0,0.6644009483503444,C,256
there-will-be-blood-2007,There Will Be Blood,2007,8.2,517359,158,A,Drama,40222514.0,0.6643730063238725,C,257
marriage-story-2019,Marriage Story,2019,7.9,246644,137,U,Comedy,2000000.0,0.6641613984241463,C,258
4-luni-3-saptam-ni-si-2-zile-2007,"4 luni, 3 saptamâni si 2 zile",2007,7.9,56625,113,,Drama,1185783.0,0.6641068126796896,C,259
kill-bill-vol-2-2004,Kill Bill: Vol. 2,2004,8.0,683900,137,A,Action,66208183.0,0.6640171120230847,C,260
contratiempo-2016,Contratiempo,2016,8.1,141516,106,TV-MA,Crime,,0.6639120819332611,C,261
forushande-2016,Forushande,2016,7.8,51240,124,UA,Drama,2402067.0,0.6637446057834514,C,262
drishyam-2015,Drishyam,2015,8.2,70367,163,UA,Crime,739478.0,0.6623854683482958,C,263
manhattan-1979,Manhattan,1979,7.9,131436,96,R,Comedy,45700000.0,0.6616351810426425,C,264
mystic-river-2003,Mystic River,2003,7.9,419420,138,A,Crime,90135191.0,0.66068515844569,C,265
blazing-saddles-1974,Blazing Saddles,1974,7.7,125993,93,A,Comedy,119500000.0,0.6603327027522397,C,266
trainspotting-1996,Trainspotting,1996,8.1,634716,93,A,Drama,16501785.0,0.6598233537490542,C,267
un-long-dimanche-de-fian-ailles-2004,Un long dimanche de fiançailles,2004,7.6,70925,133,U,Drama,6167817.0,0.6595612158946504,C,268
straight-outta-compton-2015,Straight Outta Compton,2015,7.8,179264,147,R,Biography,161197785.0,0.6590079768815912,C,269
il-conformista-1970,Il conformista,1970,8.0,27067,113,UA,Drama,541940.0,0.6586454898271847,C,270
argo-2012,Argo,2012,7.7,572581,120,A,Biography,136025503.0,0.6578057051228705,C,271
misery-1990,Misery,1990,7.8,184740,107,R,Drama,61276872.0,0.6573305303928644,C,272
the-big-lebowski-1998,The Big Lebowski,1998,8.1,732620,117,R,Comedy,17498804.0,0.6571984758152539,C,273
silver-linings-playbook-2012,Silver Linings Playbook,2012,7.7,661871,122,A,Comedy,132092958.0,0.656598069285337,C,274
the-notebook-2004,The Notebook,2004,7.8,520284,123,A,Drama,81001787.0,0.656209255898326,C,275
the-thing-1982,The Thing,1982,8.1,371271,109,A,Horror,13782838.0,0.6561106275105263,C,276
yip-man-2008,Yip Man,2008,8.0,211427,106,R,Action,,0.6558120819332611,C,277
children-of-men-2006,Children of Men,2006,7.9,465113,109,A,Adventure,35552383.0,0.6556615041703605,C,278
papillon-1973,Papillon,1973,8.0,121627,151,R,Biography,53267000.0,0.6553620070240131,C,279
naked-1993,Naked,1993,7.8,34635,132,,Comedy,1769305.0,0.6548978238622385,C,280
akira-1988,Akira,1988,8.0,164918,124,UA,Animation,553171.0,0.6546243244816503,C,281
flipped-2010,Flipped,2010,7.7,81446,90,PG,Comedy,1752214.0,0.6545185505749735,C,282
das-wei-e-band-eine-deutsche-kindergeschichte-2009,Das weiße Band - Eine deutsche Kindergeschichte,2009,7.8,68715,144,UA,Drama,2222647.0,0.6543108380728557,C,283
as-good-as-it-gets-1997,As Good as It Gets,1997,7.7,275755,139,A,Comedy,148478011.0,0.6524217147444763,C,284
cool-hand-luke-1967,Cool Hand Luke,1967,8.1,161984,127,A,Crime,16217773.0,0.6523347794608757,C,285
mandariinid-2013,Mandariinid,2013,8.2,40382,87,,Drama,144501.0,0.6522318973242438,C,286
per-un-pugno-di-dollari-1964,Per un pugno di dollari,1964,8.0,198219,99,A,Action,14500000.0,0.6517337775174763,C,287
all-that-jazz-1979,All That Jazz,1979,7.9,28223,123,A,Drama,37823676.0,0.6516508825056139,C,288
rope-1948,Rope,1948,8.0,129783,80,A,Crime,,0.6507720819332611,C,289
drive-2011,Drive,2011,7.8,571571,100,A,Crime,35061555.0,0.6505704236324177,C,290
the-deer-hunter-1978,The Deer Hunter,1978,8.1,311361,183,A,Drama,48979328.0,0.6505470973608445,C,291
le-pass-2013,Le passé,2013,7.8,45002,130,PG-13,Drama,1330596.0,0.6504348843654401,C,292
almost-famous-2000,Almost Famous,2000,7.9,252586,122,A,Adventure,32534850.0,0.6495071955628104,C,293
zerkalo-1975,Zerkalo,1975,8.1,40081,107,G,Biography,177345.0,0.6494145338540942,C,294
a-clockwork-orange-1971,A Clockwork Orange,1971,8.3,757904,136,A,Crime,6207725.0,0.6493322992111843,C,295
atonement-2007,Atonement,2007,7.8,251370,123,R,Drama,50927067.0,0.6484952987905639,C,296
sling-blade-1996,Sling Blade,1996,8.0,86838,135,R,Drama,24475416.0,0.6481958198793656,C,297
training-day-2001,Training Day,2001,7.7,390247,122,A,Crime,76631907.0,0.6475474293093155,C,298
the-girl-with-the-dragon-tattoo-2011,The Girl with the Dragon Tattoo,2011,7.8,423010,158,R,Crime,102515793.0,0.647524533637587,C,299
into-the-wild-2007,Into the Wild,2007,8.1,572921,148,R,Adventure,18354356.0,0.6468319245843132,C,300
la-grande-illusion-1937,La Grande Illusion,1937,8.1,33829,113,,Drama,172885.0,0.6465441228281847,C,301
judgment-at-nuremberg-1961,Judgment at Nuremberg,1961,8.2,69458,179,A,Drama,,0.6457320819332611,C,302
cabaret-1972,Cabaret,1972,7.8,48334,124,A,Drama,42765000.0,0.6452318304714703,C,303
rosemary-s-baby-1968,Rosemary's Baby,1968,8.0,193674,137,A,Drama,,0.6446520819332611,C,304
el-secreto-de-sus-ojos-2009,El secreto de sus ojos,2009,8.2,193217,129,R,Drama,6391436.0,0.6442370759112774,C,305
jojo-rabbit-2019,Jojo Rabbit,2019,7.9,297918,108,UA,Comedyp,349555.0,0.6435469260271325,C,306
apocalypto-2006,Apocalypto,2006,7.8,291018,139,A,Action,50866635.0,0.6427155625881315,C,307
dirty-harry-1971,Dirty Harry,1971,7.7,143292,102,A,Action,35900000.0,0.6421432396102045,C,308
omoide-no-m-n-2014,Omoide no Mânî,2014,7.7,32798,103,U,Animation,765127.0,0.6420152128929535,C,309
3-10-to-yuma-2007,3:10 to Yuma,2007,7.7,288797,122,A,Action,53606916.0,0.6416077420389505,C,310
stalker-1979,Stalker,1979,8.2,116945,162,U,Drama,234723.0,0.6415915564190872,C,311
creed-2015,Creed,2015,7.6,247666,133,A,Dramaq,109767581.0,0.6414606311914793,C,312
i-daniel-blake-2016,"I, Daniel Blake",2016,7.9,53818,100,UA,Drama,258168.0,0.6411498865738783,C,313
wind-river-2017,Wind River,2017,7.7,205444,107,R,Crime,33800859.0,0.6393417364786661,C,314
capharna-m-2018,Capharnaüm,2018,8.4,62635,126,A,DraVma,1661096.0,0.6391190309701694,C,315
the-royal-tenenbaums-2001,The Royal Tenenbaums,2001,7.6,266842,110,A,Comedy,52364010.0,0.637437809971384,C,316
the-gentlemen-2019,The Gentlemen,2019,7.8,237392,113,A,Action,,0.6370920819332611,C,317
enter-the-dragon-1973,Enter the Dragon,1973,7.7,96561,102,A,Action,25000000.0,0.6361283200517812,C,318
once-upon-a-time-in-hollywood-2019,Once Upon a Time... in Hollywood,2019,7.6,551309,161,A,Comedy,142502728.0,0.6357189473394967,C,319
le-charme-discret-de-la-bourgeoisie-1972,Le charme discret de la bourgeoisie,1972,7.9,38737,102,PG,Comedy,198809.0,0.6355245688985196,C,320
jab-we-met-2007,Jab We Met,2007,7.9,47720,138,U,Comedy,410800.0,0.6345286672275957,C,321
true-romance-1993,True Romance,1993,7.9,206918,119,R,Crime,12281500.0,0.6343935916266864,C,322
50-50-2011,50/50,2011,7.6,315426,100,R,Comedy,35014192.0,0.6343479543599422,C,323
strangers-on-a-train-1951,Strangers on a Train,1951,7.9,123341,101,A,Crime,7630000.0,0.6329613402505564,C,324
hable-con-ella-2002,Hable con ella,2002,7.9,104691,112,R,Drama,9284265.0,0.6322631595546021,C,325
lat-sau-san-taam-1992,Lat sau san taam,1992,7.8,46700,128,R,Action,,0.6316920819332611,C,326
la-leggenda-del-pianista-sull-oceano-1998,La leggenda del pianista sull'oceano,1998,8.1,59020,169,U,Drama,259127.0,0.631618365056026,C,327
billy-elliot-2000,Billy Elliot,2000,7.7,126770,110,R,Drama,21995263.0,0.6311198737732693,C,328
before-midnight-2013,Before Midnight,2013,7.9,141457,109,R,Drama,8114627.0,0.6311049393064103,C,329
hell-or-high-water-2016,Hell or High Water,2016,7.6,204175,102,R,Action,26862450.0,0.6292226817374975,C,330
hana-bi-1997,Hana-bi,1997,7.8,27712,103,,Crime,233986.0,0.6291334749382698,C,331
serpico-1973,Serpico,1973,7.7,109941,130,A,Biography,29800000.0,0.6289677128434535,C,332
dil-chahta-hai-2001,Dil Chahta Hai,2001,8.1,66803,183,Unrated,Comedy,300000.0,0.6287234123782621,C,333
the-french-connection-1971,The French Connection,1971,7.7,110075,104,A,Action,15630710.0,0.627601917570972,C,334
midnight-express-1978,Midnight Express,1978,7.6,73662,121,A,Biography,35000000.0,0.6267812156772838,C,335
todo-sobre-mi-madre-1999,Todo sobre mi madre,1999,7.8,89058,101,R,Drama,8264530.0,0.6261892017449002,C,336
rockstar-2011,Rockstar,2011,7.7,39501,159,UA,Drama,985912.0,0.6242975829513299,C,337
once-2007,Once,2007,7.8,110656,86,R,Drama,9439923.0,0.6237195327383525,C,338
underground-1995,Underground,1995,8.1,55220,170,,Comedy,171082.0,0.6235505005253542,C,339
captain-fantastic-2016,Captain Fantastic,2016,7.9,189400,118,R,Comedy,5875006.0,0.6224966276618539,C,340
le-samoura-1967,Le samouraï,1967,8.1,45434,105,GP,Crime,39481.0,0.6224692329334054,C,341
eastern-promises-2007,Eastern Promises,2007,7.6,227760,100,R,Action,17114882.0,0.622449727177065,C,342
the-day-of-the-jackal-1973,The Day of the Jackal,1973,7.8,37445,143,A,Crime,16056255.0,0.6221084041631183,C,343
blowup-1966,Blowup,1966,7.6,56513,111,A,Drama,,0.621612081933261,C,344
the-secret-of-kells-2009,The Secret of Kells,2009,7.6,31779,71,,Animation,686383.0,0.6206093630786151,C,345
lord-of-war-2005,Lord of War,2005,7.6,294140,122,R,Action,24149632.0,0.6202530822060157,C,346
gone-baby-gone-2007,Gone Baby Gone,2007,7.6,250590,114,R,Crime,20300218.0,0.6202468515084479,C,347
jungfruk-llan-1960,Jungfrukällan,1960,8.1,26697,89,A,Drama,1526000.0,0.6188090122604437,C,348
ba-wang-bie-ji-1993,Ba wang bie ji,1993,8.1,25088,171,R,Drama,5216888.0,0.6176418150859971,C,349
la-plan-te-sauvage-1973,La planète sauvage,1973,7.8,25229,72,U,Animation,193817.0,0.6156549001181516,C,350
mulholland-dr-2001,Mulholland Dr.,2001,7.9,322031,147,R,Drama,7220243.0,0.615483809758146,C,351
t-ky-goddof-z-zu-2003,Tôkyô goddofâzâzu,2003,7.8,31658,90,UA,Animation,128985.0,0.6153340055282883,C,352
festen-1998,Festen,1998,8.0,78341,105,R,Drama,1647780.0,0.6141452442933732,C,353
vicky-donor-2012,Vicky Donor,2012,7.8,39710,126,UA,Comedy,169209.0,0.6139471880031365,C,354
kis-uykusu-2014,Kis Uykusu,2014,8.1,46547,196,,Drama,165520.0,0.6125400840828196,C,355
manbiki-kazoku-2018,Manbiki kazoku,2018,7.9,62754,121,A,Crime,3313513.0,0.6118971491888251,C,356
m-n-som-hatar-kvinnor-2009,Män som hatar kvinnor,2009,7.8,208994,152,R,Crime,10095170.0,0.6111550337115041,C,357
ah-ga-ssi-2016,Ah-ga-ssi,2016,8.1,113649,145,A,Drama,2006788.0,0.6111215786480994,C,358
bronenosets-potemkin-1925,Bronenosets Potemkin,1925,8.0,53054,75,,Drama,50970.0,0.610186454056532,C,359
gi-la-testa-1971,Giù la testa,1971,7.6,30144,157,PG,Drama,696690.0,0.6096846398495022,C,360
la-passion-de-jeanne-d-arc-1928,La passion de Jeanne d'Arc,1928,8.1,47676,110,Passed,Biography,21877.0,0.6095657727724164,C,361
the-innocents-1961,The Innocents,1961,7.8,27007,100,A,Horror,2616000.0,0.6074282945378198,C,362
the-fall-2006,The Fall,2006,7.9,107290,117,R,Adventure,2280348.0,0.6071257673555599,C,363
short-term-12-2013,Short Term 12,2013,8.0,81770,96,R,Dralma,1010414.0,0.6063758704788437,C,364
serbuan-maut-2-berandal-2014,Serbuan maut 2: Berandal,2014,8.0,114316,150,A,Action,2625803.0,0.6056904667239017,C,365
miller-s-crossing-1990,Miller's Crossing,1990,7.7,125822,115,R,Crime,5080409.0,0.6049611735521818,C,366
la-double-vie-de-v-ronique-1991,La double vie de Véronique,1991,7.8,42376,98,R,Drama,1999955.0,0.6022448845790802,C,367
peeping-tom-1960,Peeping Tom,1960,7.7,31354,101,,Drama,83957.0,0.6020036240949177,C,368
serbuan-maut-2011,Serbuan maut,2011,7.6,190531,101,A,Action,4105123.0,0.5983580598314465,C,369
breaking-the-waves-1996,Breaking the Waves,1996,7.8,62428,159,R,Drama,4040691.0,0.593415097486508,C,370
all-about-eve-1950,All About Eve,1950,8.2,120539,138,Passed,Drama,10177.0,0.5932322622358844,C,371
un-proph-te-2009,Un prophète,2009,7.9,93560,155,A,Crime,2084637.0,0.5919542062555248,C,372
les-yeux-sans-visage-1960,Les yeux sans visage,1960,7.7,27620,90,,Drama,52709.0,0.58980606077108,C,373
udaan-2010,Udaan,2010,8.2,42341,134,UA,DrTama,7461.0,0.5890993701371879,C,374
crna-macka-beli-macor-1998,"Crna macka, beli macor",1998,8.1,50862,127,R,Comedy,348660.0,0.5885096196164509,C,375
dom-za-vesanje-1988,Dom za vesanje,1988,8.2,26402,142,R,Comedy,280015.0,0.5875651549003689,C,376
dogville-2003,Dogville,2003,8.0,137963,178,R,Crime,1530386.0,0.5866367188015223,C,377
synecdoche-new-york-2008,"Synecdoche, New York",2008,7.6,83158,124,R,Drama,3081925.0,0.5853127982746819,C,378
lost-highway-1997,Lost Highway,1997,7.6,131101,134,A,Mystery,3796699.0,0.5851798078397046,C,379
le-locataire-1976,Le locataire,1976,7.7,39889,126,R,Drama,1924733.0,0.584867634064002,C,380
delicatessen-1991,Delicatessen,1991,7.6,80487,99,R,Comedy,1794187.0,0.5846001728286138,C,381
the-machinist-2004,The Machinist,2004,7.7,358432,101,R,Drama,1082715.0,0.5843046540077695,C,382
the-long-goodbye-1973,The Long Goodbye,1973,7.6,26337,112,A,Comedy,959000.0,0.5702277897548752,C,383
h-vnen-2010,Hævnen,2010,7.6,38491,118,R,Drama,1008098.0,0.5688977266337784,C,384
dead-man-1995,Dead Man,1995,7.6,90442,121,R,Adventure,1037847.0,0.5683011482791313,C,385
knockin-on-heaven-s-door-1997,Knockin' on Heaven's Door,1997,8.0,27721,87,,Action,3296.0,0.5644136411125659,C,386
nelyubov-2017,Nelyubov,2017,7.6,29765,127,R,Drama,566356.0,0.556073437641557,C,387
das-experiment-2001,Das Experiment,2001,7.7,90842,120,R,Drama,141072.0,0.543589512068246,C,388
andrei-rublev-1966,Andrei Rublev,1966,8.1,46947,205,R,Biography,102021.0,0.5418024522341057,C,389
dead-man-s-shoes-2004,Dead Man's Shoes,2004,7.6,49728,90,,Crime,6013.0,0.5407149754410593,C,390
the-boondock-saints-1999,The Boondock Saints,1999,7.8,227143,108,R,Action,25812.0,0.5277784457229063,C,391
belle-de-jour-1967,Belle de jour,1967,7.7,40274,100,A,Drama,26331.0,0.5228893379134644,C,392
tropa-de-elite-2007,Tropa de Elite,2007,8.0,98097,115,R,Action,8060.0,0.5221128990772334,C,393
boksuneun-naui-geot-2002,Boksuneun naui geot,2002,7.6,62659,129,R,Crdime,45289.0,0.5133635581009678,C,394
mr-nobody-2009,Mr. Nobody,2009,7.8,216421,141,R,Drama,3600.0,0.483158328705633,C,395
adams-bler-2005,Adams æbler,2005,7.8,45717,94,R,Comedy,1305.0,0.4788994253023319,C,396
