student_row_id,risk_score,high_risk,risk_tier,Tuition fees up to date,Debtor,Daytime/evening attendance	,Age at enrollment,Target
0,0.1390166666666667,False,MEDIUM,1,0,1,20,Graduate
1,0.33333333333333337,True,HIGH,1,0,1,28,Dropout
2,0.11985119047619049,False,MEDIUM,1,0,1,19,Enrolled
3,0.38302500000000006,True,HIGH,1,0,1,19,Dropout
4,0.1297625,False,MEDIUM,1,0,1,22,Graduate
5,0.14089583333333333,False,MEDIUM,1,0,1,18,Graduate
6,0.22666666666666668,True,HIGH,1,0,1,19,Enrolled
7,0.12009285714285715,False,MEDIUM,1,0,1,18,Dropout
8,0.24342500000000003,True,HIGH,1,0,1,33,Dropout
9,0.1702375,True,HIGH,1,0,1,21,missing
10,0.19076666666666667,True,HIGH,1,0,1,20,Dropout
11,0.11486666666666667,False,MEDIUM,1,0,1,18,Graduate
12,0.19917083333333335,True,HIGH,1,0,1,18,Enrolled
13,0.12314861111111111,False,MEDIUM,1,0,1,18,Graduate
14,0.4473154761904762,True,HIGH,0,1,1,31,Dropout
15,0.11644464285714286,False,MEDIUM,1,0,1,19,Graduate
16,0.4841666666666667,True,HIGH,1,1,1,20,Dropout
17,0.12657738095238094,False,MEDIUM,1,0,1,41,Graduate
18,0.10908749999999999,False,MEDIUM,1,0,1,19,Graduate
19,0.16541250000000002,True,HIGH,1,0,1,19,Enrolled
20,0.12678095238095238,False,MEDIUM,1,0,1,36,Dropout
21,0.2896375,True,HIGH,1,0,1,18,missing
22,0.4730472027972028,True,HIGH,1,1,1,27,Dropout
23,0.14104583333333331,False,MEDIUM,1,0,1,19,Enrolled
24,0.09874999999999999,False,LOW,1,0,1,19,Graduate
25,0.13391666666666668,False,MEDIUM,1,0,0,33,Graduate
26,0.19555,True,HIGH,1,0,1,19,Enrolled
27,0.3800625,True,HIGH,1,0,1,19,Dropout
28,0.24315,True,HIGH,1,0,1,18,Dropout
29,0.10333333333333335,False,LOW,1,0,1,19,Graduate
30,0.11763928571428572,False,MEDIUM,1,0,1,19,Graduate
31,0.4802916666666667,True,HIGH,0,1,1,18,Dropout
32,0.3806875,True,HIGH,1,0,0,28,Dropout
33,0.18630555555555556,True,HIGH,1,0,1,22,Dropout
34,0.09383333333333334,False,LOW,1,0,1,18,Graduate
35,0.6778875,True,HIGH,0,1,1,22,Dropout
36,0.1441763888888889,False,MEDIUM,1,0,0,33,Enrolled
37,0.10685833333333333,False,MEDIUM,1,0,1,18,Graduate
38,0.17599583333333335,True,HIGH,1,0,1,19,Enrolled
39,0.1024232142857143,False,LOW,1,0,1,18,Graduate
40,0.13786607142857144,False,MEDIUM,1,0,1,21,Graduate
41,0.14178333333333334,False,MEDIUM,1,0,1,18,Enrolled
42,0.37950000000000006,True,HIGH,1,0,1,19,Dropout
43,0.09625,False,LOW,1,0,1,20,Graduate
44,0.4514958333333333,True,HIGH,0,0,1,18,Enrolled
45,0.13827857142857142,False,MEDIUM,1,0,1,18,Dropout
46,0.51635,True,HIGH,0,0,1,19,Dropout
47,0.15961726190476191,True,HIGH,1,0,1,26,Graduate
48,0.3667,True,HIGH,1,0,1,21,Graduate
49,0.665,True,HIGH,0,0,1,39,missing
50,0.09951369047619048,False,LOW,1,0,1,19,Graduate
51,0.10945,False,MEDIUM,1,0,1,19,Graduate
52,0.10020714285714283,False,LOW,1,0,1,18,Graduate
53,0.12840833333333335,False,MEDIUM,1,0,1,21,Graduate
54,0.10273214285714286,False,LOW,1,0,1,20,Graduate
55,0.14063154761904761,False,MEDIUM,1,0,1,21,Enrolled
56,0.13154464285714287,False,MEDIUM,1,0,1,19,Graduate
57,0.10816250000000001,False,MEDIUM,1,0,1,23,Graduate
58,0.18479166666666666,True,HIGH,1,0,1,21,Enrolled
59,0.13233750000000002,False,MEDIUM,1,0,1,20,Graduate
60,0.40037500000000004,True,HIGH,1,0,0,40,Dropout
61,0.11360833333333334,False,MEDIUM,1,0,1,19,Dropout
62,0.11116666666666666,False,MEDIUM,1,0,1,18,Graduate
63,0.12709107142857143,False,MEDIUM,1,0,1,20,Enrolled
64,0.1253375,False,MEDIUM,1,0,1,18,Enrolled
65,0.07243125000000003,False,LOW,1,0,1,18,Graduate
66,0.15834999999999996,True,HIGH,1,0,1,20,Graduate
67,0.4494333333333333,True,HIGH,0,0,0,29,Dropout
68,0.669,True,HIGH,0,0,1,19,Dropout
69,0.5773553571428572,True,HIGH,0,0,1,44,Dropout
70,0.675675,True,HIGH,0,1,1,18,Enrolled
71,0.12156785714285714,False,MEDIUM,1,0,1,20,Dropout
72,0.10835357142857142,False,MEDIUM,1,0,1,19,Graduate
73,0.20410416666666667,True,HIGH,1,0,1,22,Dropout
74,0.16657500000000003,True,HIGH,1,0,1,18,Graduate
75,0.11153928571428573,False,MEDIUM,1,0,1,19,Enrolled
76,0.09062678571428572,False,LOW,1,0,1,19,Graduate
77,0.09514285714285715,False,LOW,1,0,1,23,Graduate
78,0.3669625,True,HIGH,1,0,1,20,Dropout
79,0.1317559523809524,False,MEDIUM,1,0,1,32,Graduate
80,0.12351428571428572,False,MEDIUM,1,0,1,19,Dropout
81,0.11567261904761905,False,MEDIUM,1,0,1,19,Graduate
82,0.199625,True,HIGH,1,0,1,20,Enrolled
83,0.090175,False,LOW,1,0,1,18,Dropout
84,0.12888492063492066,False,MEDIUM,1,0,0,38,Graduate
85,0.13250416666666667,False,MEDIUM,1,0,1,20,Graduate
86,0.15043214285714288,False,MEDIUM,1,0,1,20,Enrolled
87,0.08759699730094467,False,LOW,1,0,1,32,Graduate
88,0.32639999999999997,True,HIGH,1,0,1,23,Enrolled
89,0.12230952380952383,False,MEDIUM,1,0,1,19,Graduate
90,0.11757559523809524,False,MEDIUM,1,0,1,20,Enrolled
91,0.194975,True,HIGH,1,0,1,21,Graduate
92,0.09295416666666666,False,LOW,1,0,1,18,Graduate
93,0.16602083333333334,True,HIGH,1,0,1,19,Graduate
94,0.1540541666666667,True,HIGH,1,0,1,18,Dropout
95,0.13603125,False,MEDIUM,1,0,1,18,Graduate
96,0.140775,False,MEDIUM,1,0,1,19,Graduate
97,0.15108154761904763,False,MEDIUM,1,0,1,18,Graduate
98,0.13528214285714285,False,MEDIUM,1,0,1,20,Graduate
99,0.3965625,True,HIGH,0,0,0,59,Dropout
100,0.68705,True,HIGH,0,1,1,39,Dropout
101,0.07626527777777778,False,LOW,1,0,1,23,Graduate
102,0.76255,True,HIGH,0,0,0,41,Dropout
103,0.11560119047619048,False,MEDIUM,1,0,1,18,Graduate
104,0.28069464285714285,True,HIGH,1,0,1,19,Dropout
105,0.4384958333333333,True,HIGH,1,1,1,18,Dropout
106,0.6124750000000001,True,HIGH,1,1,1,19,Dropout
107,0.152875,True,HIGH,1,0,1,40,Dropout
108,0.4669625,True,HIGH,1,1,1,18,Dropout
109,0.09873333333333334,False,LOW,1,0,1,18,Graduate
110,0.37977500000000003,True,HIGH,1,0,1,18,Enrolled
111,0.3755125,True,HIGH,1,0,1,61,Dropout
112,0.08821212121212121,False,LOW,1,0,0,42,Graduate
113,0.08876865325077399,False,LOW,1,0,1,22,Graduate
114,0.12872083333333334,False,MEDIUM,1,0,0,47,Graduate
115,0.18391904761904762,True,HIGH,1,0,1,19,Enrolled
116,0.6690875000000001,True,HIGH,0,1,1,42,Dropout
117,0.1509848484848485,False,MEDIUM,1,0,1,27,Dropout
118,0.6814625,True,HIGH,0,1,1,45,Dropout
119,0.6374583333333333,True,HIGH,0,0,1,35,Dropout
120,0.10450833333333333,False,LOW,1,0,1,19,Graduate
121,0.15186666666666668,True,HIGH,1,0,1,21,Graduate
122,0.13784285714285716,False,MEDIUM,1,0,1,18,Graduate
123,0.6246958333333333,True,HIGH,0,1,1,19,Dropout
124,0.14842083333333334,False,MEDIUM,1,0,1,22,Graduate
125,0.44701250000000003,True,HIGH,0,0,1,35,Dropout
126,0.15826249999999997,True,HIGH,1,0,1,20,Graduate
127,0.08615297619047618,False,LOW,1,0,1,18,Graduate
128,0.5651541666666666,True,HIGH,0,0,0,29,Dropout
129,0.10587083333333336,False,LOW,1,0,1,18,Graduate
130,0.1497,False,MEDIUM,1,0,1,20,Graduate
131,0.1380047619047619,False,MEDIUM,1,0,1,18,Graduate
132,0.129,False,MEDIUM,1,0,1,19,Graduate
133,0.12347916666666667,False,MEDIUM,1,0,1,19,Graduate
134,0.09741011904761906,False,LOW,1,0,1,18,Graduate
135,0.1335125,False,MEDIUM,1,0,1,19,Graduate
136,0.687375,True,HIGH,0,0,0,55,Dropout
137,0.08899583333333333,False,LOW,1,0,1,18,Graduate
138,0.1828017857142857,True,HIGH,1,0,1,20,Enrolled
139,0.1479464285714286,False,MEDIUM,1,0,1,18,Graduate
140,0.112125,False,MEDIUM,1,0,1,19,Graduate
141,0.37247500000000006,True,HIGH,1,0,1,18,Dropout
142,0.10691428571428574,False,MEDIUM,1,0,1,21,missing
143,0.09559615384615386,False,LOW,1,0,1,18,Graduate
144,0.1351482142857143,False,MEDIUM,1,0,1,19,Graduate
145,0.1046857142857143,False,LOW,1,0,1,20,Graduate
146,0.4204166666666667,True,HIGH,1,1,0,37,Graduate
147,0.3741375,True,HIGH,1,0,1,20,Dropout
148,0.19058750000000002,True,HIGH,1,0,0,34,Enrolled
149,0.19900833333333334,True,HIGH,1,0,1,26,Enrolled
150,0.37340000000000007,True,HIGH,1,0,1,19,Graduate
151,0.1510125,False,MEDIUM,1,0,1,23,Graduate
152,0.26205,True,HIGH,1,0,1,22,Dropout
153,0.1320577380952381,False,MEDIUM,1,0,1,18,Enrolled
154,0.16877083333333334,True,HIGH,1,0,1,27,Graduate
155,0.598925,True,HIGH,0,0,1,26,Dropout
156,0.15337083333333332,True,HIGH,1,0,1,19,Graduate
157,0.18937500000000002,True,HIGH,1,0,1,28,Graduate
158,0.21167083333333334,True,HIGH,1,0,1,21,Enrolled
159,0.10880833333333333,False,MEDIUM,1,0,1,19,Graduate
160,0.12733333333333333,False,MEDIUM,1,0,1,20,Enrolled
161,0.6111708333333333,True,HIGH,0,0,0,51,Dropout
162,0.38028750000000006,True,HIGH,1,0,1,20,Dropout
163,0.12000416666666668,False,MEDIUM,1,0,1,18,Graduate
164,0.4400208333333333,True,HIGH,0,1,1,22,Graduate
165,0.11755178571428573,False,MEDIUM,1,0,1,18,Graduate
166,0.1762125,True,HIGH,1,0,1,22,Enrolled
167,0.10769265873015874,False,MEDIUM,1,0,0,26,Graduate
168,0.10517500000000002,False,LOW,1,0,1,24,Graduate
169,0.14216666666666666,False,MEDIUM,1,0,1,45,Graduate
170,0.14741785714285716,False,MEDIUM,1,0,1,20,Graduate
171,0.11229642857142857,False,MEDIUM,1,0,1,19,Graduate
172,0.19333333333333333,True,HIGH,1,0,1,19,Dropout
173,0.14058809523809523,False,MEDIUM,1,0,1,18,Graduate
174,0.10049583333333335,False,LOW,1,0,1,18,Graduate
175,0.24305000000000002,True,HIGH,1,0,1,27,missing
176,0.3953928571428571,True,HIGH,1,1,1,34,Graduate
177,0.1244375,False,MEDIUM,1,0,1,31,Graduate
178,0.1822291666666667,True,HIGH,1,0,1,19,Enrolled
179,0.1502125,False,MEDIUM,1,0,1,18,Graduate
180,0.677925,True,HIGH,0,1,1,20,Dropout
181,0.17960357142857145,True,HIGH,1,0,1,21,Enrolled
182,0.1670375,True,HIGH,1,0,1,26,Dropout
183,0.07416742424242423,False,LOW,1,0,1,20,Graduate
184,0.10412500000000001,False,LOW,1,0,1,18,Graduate
185,0.19104583333333333,True,HIGH,1,0,1,22,Graduate
186,0.10472499999999998,False,LOW,1,0,1,19,Graduate
187,0.1416076388888889,False,MEDIUM,1,0,1,22,Enrolled
188,0.24105,True,HIGH,1,0,1,20,Enrolled
189,0.09364404761904764,False,LOW,1,0,1,18,Graduate
190,0.22712500000000002,True,HIGH,1,0,1,29,Dropout
191,0.3790625,True,HIGH,1,0,1,18,Dropout
192,0.11618055555555556,False,MEDIUM,1,0,0,23,Graduate
193,0.44446250000000004,True,HIGH,0,1,1,25,Dropout
194,0.09371190476190477,False,LOW,1,0,1,21,Graduate
195,0.45513670634920633,True,HIGH,0,1,1,23,Dropout
196,0.14062083333333336,False,MEDIUM,1,0,1,19,Dropout
197,0.14810833333333334,False,MEDIUM,1,0,1,20,Dropout
198,0.25175416666666667,True,HIGH,1,0,1,18,Dropout
199,0.12724166666666667,False,MEDIUM,1,0,0,44,Graduate
200,0.09050000000000001,False,LOW,1,0,1,22,Graduate
201,0.14223750000000002,False,MEDIUM,1,0,1,19,Graduate
202,0.11664722222222222,False,MEDIUM,1,0,1,19,Graduate
203,0.15159107142857145,True,HIGH,1,0,1,22,Enrolled
204,0.11261250000000002,False,MEDIUM,1,0,0,39,Graduate
205,0.21770000000000003,True,HIGH,1,0,1,21,Enrolled
206,0.14069166666666666,False,MEDIUM,1,0,1,30,Graduate
207,0.4764922619047619,True,HIGH,0,1,1,22,Enrolled
208,0.6108125,True,HIGH,0,0,1,26,Dropout
209,0.25625,True,HIGH,1,0,1,23,Dropout
210,0.10472916666666666,False,LOW,1,0,1,18,Graduate
211,0.158134375,True,HIGH,1,0,1,19,Graduate
212,0.5277499999999999,True,HIGH,1,1,1,20,Dropout
213,0.09820312499999999,False,LOW,1,0,1,19,Graduate
214,0.1377375,False,MEDIUM,1,0,1,21,Graduate
215,0.3772125,True,HIGH,1,0,1,19,Enrolled
216,0.41467678571428573,True,HIGH,1,0,1,35,Dropout
217,0.14885416666666665,False,MEDIUM,1,0,1,22,Enrolled
218,0.17198750000000002,True,HIGH,1,0,1,19,Graduate
219,0.1438875,False,MEDIUM,1,0,1,18,Graduate
220,0.17923809523809522,True,HIGH,1,0,1,19,Dropout
221,0.12119642857142858,False,MEDIUM,1,0,1,19,Graduate
222,0.10428482142857143,False,LOW,1,0,1,19,Graduate
223,0.11679374999999997,False,MEDIUM,1,0,1,18,Graduate
224,0.18248690476190477,True,HIGH,1,0,1,21,Dropout
225,0.09631250000000001,False,LOW,1,0,1,18,Graduate
226,0.5017375000000001,True,HIGH,1,1,1,18,Enrolled
227,0.48265416666666666,True,HIGH,0,0,1,20,Dropout
228,0.37217500000000003,True,HIGH,1,0,1,18,Dropout
229,0.11185,False,MEDIUM,1,0,1,20,Enrolled
230,0.4342625,True,HIGH,1,1,1,20,Graduate
231,0.40396250000000006,True,HIGH,1,0,1,36,Dropout
232,0.1292875,False,MEDIUM,1,0,1,20,Graduate
233,0.48938750000000003,True,HIGH,0,1,1,18,Dropout
234,0.17490000000000003,True,HIGH,1,0,1,18,Dropout
235,0.475625,True,HIGH,0,0,0,32,Dropout
236,0.3103916666666667,True,HIGH,1,0,1,18,Dropout
237,0.10823749999999999,False,MEDIUM,1,0,1,18,Graduate
238,0.6783375,True,HIGH,0,0,1,21,Dropout
239,0.10625656565656567,False,MEDIUM,1,0,1,30,Enrolled
240,0.11458551587301588,False,MEDIUM,1,0,1,18,Graduate
241,0.1218214285714286,False,MEDIUM,1,0,1,19,Graduate
242,0.6714,True,HIGH,0,0,1,19,Dropout
243,0.169425,True,HIGH,1,0,1,19,Graduate
244,0.13734940476190477,False,MEDIUM,1,0,1,23,missing
245,0.6675,True,HIGH,0,0,1,33,Dropout
246,0.1335410714285714,False,MEDIUM,1,0,1,18,Enrolled
247,0.193,True,HIGH,1,0,1,20,Enrolled
248,0.5898333333333333,True,HIGH,0,1,0,29,missing
249,0.11143154761904761,False,MEDIUM,1,0,1,19,Graduate
250,0.36233750000000003,True,HIGH,1,0,1,24,Graduate
251,0.15149583333333336,True,HIGH,1,0,1,19,Enrolled
252,0.08105833333333332,False,LOW,1,0,1,19,Graduate
253,0.10399583333333333,False,LOW,1,0,1,18,Graduate
254,0.15325,True,HIGH,1,0,1,19,Enrolled
255,0.5107916666666666,True,HIGH,0,0,1,23,Dropout
256,0.10384375000000001,False,LOW,1,0,1,18,Graduate
257,0.11702500000000002,False,MEDIUM,1,0,0,26,Enrolled
258,0.10707500000000002,False,MEDIUM,1,0,0,36,Graduate
259,0.2843125,True,HIGH,1,0,1,21,Dropout
260,0.5052065476190476,True,HIGH,0,0,1,19,Dropout
261,0.11634583333333334,False,MEDIUM,1,0,1,19,Graduate
262,0.668475,True,HIGH,0,1,1,18,Dropout
263,0.2038708333333334,True,HIGH,1,0,1,21,Dropout
264,0.398925,True,HIGH,0,0,1,18,Enrolled
265,0.13741071428571433,False,MEDIUM,1,0,1,19,missing
266,0.10336309523809524,False,LOW,1,0,1,20,Graduate
267,0.09897435897435898,False,LOW,1,0,1,32,Graduate
268,0.668175,True,HIGH,0,1,1,23,Dropout
269,0.5925,True,HIGH,1,1,1,24,Dropout
270,0.09979226190476193,False,LOW,1,0,1,19,Graduate
271,0.6758625,True,HIGH,0,1,1,22,Enrolled
272,0.1437767857142857,False,MEDIUM,1,0,1,18,Graduate
273,0.6121749999999999,True,HIGH,0,0,0,31,Dropout
274,0.09866607142857144,False,LOW,1,0,1,19,Graduate
275,0.12029464285714286,False,MEDIUM,1,0,1,18,Graduate
276,0.21966666666666668,True,HIGH,1,0,1,18,Enrolled
277,0.10058392857142857,False,LOW,1,0,1,19,Graduate
278,0.3720125,True,HIGH,1,0,1,19,Graduate
279,0.4139916666666667,True,HIGH,0,1,1,18,Dropout
280,0.11333156565656564,False,MEDIUM,1,0,1,20,Graduate
281,0.1831791666666667,True,HIGH,1,0,1,20,Graduate
282,0.6675,True,HIGH,0,1,1,23,Dropout
283,0.10444166666666667,False,LOW,1,0,1,19,Graduate
284,0.38920000000000005,True,HIGH,1,0,1,22,Enrolled
285,0.37935,True,HIGH,1,0,1,22,Dropout
286,0.7005875,True,HIGH,0,0,1,34,Dropout
287,0.1378172619047619,False,MEDIUM,1,0,1,18,Graduate
288,0.052444444444444446,False,LOW,1,0,0,31,Dropout
289,0.3628693181818182,True,HIGH,0,0,1,28,Dropout
290,0.10770000000000002,False,MEDIUM,1,0,1,18,Dropout
291,0.27458750000000004,True,HIGH,1,0,1,21,Dropout
292,0.13977529761904764,False,MEDIUM,1,0,1,24,missing
293,0.14461309523809526,False,MEDIUM,1,0,1,19,Graduate
294,0.3379267857142857,True,HIGH,1,0,1,18,Dropout
295,0.13121626984126986,False,MEDIUM,1,0,1,27,Graduate
296,0.7028375,True,HIGH,0,0,1,23,Dropout
297,0.09697916666666667,False,LOW,1,0,1,19,Graduate
298,0.16636250000000002,True,HIGH,1,0,1,19,Graduate
299,0.13654642857142857,False,MEDIUM,1,0,1,18,Graduate
300,0.1324142857142857,False,MEDIUM,1,0,1,18,Graduate
301,0.16992083333333333,True,HIGH,1,0,1,21,Enrolled
302,0.12110714285714287,False,MEDIUM,1,0,1,18,Graduate
303,0.12912916666666668,False,MEDIUM,1,0,1,18,Dropout
304,0.10571031746031748,False,LOW,1,0,0,39,Graduate
305,0.1338625,False,MEDIUM,1,0,1,18,Graduate
306,0.37441250000000004,True,HIGH,1,0,1,19,Dropout
307,0.37521250000000006,True,HIGH,1,0,1,20,Dropout
308,0.19145833333333334,True,HIGH,1,0,1,18,Enrolled
309,0.2071666666666667,True,HIGH,1,0,1,24,Dropout
310,0.33587083333333334,True,HIGH,1,0,1,26,Dropout
311,0.1610375,True,HIGH,1,0,1,46,Dropout
312,0.6121666666666666,True,HIGH,0,0,1,29,Dropout
313,0.11597142857142857,False,MEDIUM,1,0,1,25,Graduate
314,0.4846,True,HIGH,0,0,1,18,Dropout
315,0.10582353896103897,False,LOW,1,0,1,18,Graduate
316,0.10558333333333333,False,LOW,1,0,0,35,Graduate
317,0.109575,False,MEDIUM,1,0,1,20,Graduate
318,0.7060875000000001,True,HIGH,0,0,1,23,Dropout
319,0.40785436507936507,True,HIGH,1,1,1,19,Graduate
320,0.1444125,False,MEDIUM,1,0,1,18,Graduate
321,0.16415,True,HIGH,1,0,1,20,Dropout
322,0.67225,True,HIGH,0,1,1,19,Dropout
323,0.12021428571428572,False,MEDIUM,1,0,1,18,Graduate
324,0.16338809523809525,True,HIGH,1,0,1,21,Graduate
325,0.1591029761904762,True,HIGH,1,0,1,21,Graduate
326,0.5050375,True,HIGH,0,0,1,20,Dropout
327,0.10878437500000002,False,MEDIUM,1,0,1,18,Graduate
328,0.11740416666666666,False,MEDIUM,1,0,1,18,Enrolled
329,0.11154107142857143,False,MEDIUM,1,0,1,20,missing
330,0.6730125,True,HIGH,0,1,1,27,Dropout
331,0.13534999999999997,False,MEDIUM,1,0,1,18,Graduate
332,0.45715,True,HIGH,1,0,1,18,Dropout
333,0.11055416666666668,False,MEDIUM,1,0,1,20,Graduate
334,0.10262916666666666,False,LOW,1,0,1,19,Graduate
335,0.16733333333333336,True,HIGH,1,0,1,20,Enrolled
336,0.4681625,True,HIGH,0,1,1,19,Dropout
337,0.16775,True,HIGH,1,0,1,18,Dropout
338,0.2210375,True,HIGH,1,0,1,18,Enrolled
339,0.14136309523809526,False,MEDIUM,1,0,1,18,Graduate
340,0.08263825757575757,False,LOW,1,0,1,19,Graduate
341,0.09539107142857144,False,LOW,1,0,1,20,Graduate
342,0.13083750000000002,False,MEDIUM,1,0,1,23,Enrolled
343,0.37000000000000005,True,HIGH,1,0,1,20,Dropout
344,0.36500000000000005,True,HIGH,1,0,1,19,Dropout
345,0.11341875000000001,False,MEDIUM,1,0,1,20,Graduate
346,0.1298125,False,MEDIUM,1,0,1,19,Graduate
347,0.12315,False,MEDIUM,1,0,1,20,Graduate
348,0.09976329365079364,False,LOW,1,0,1,21,Graduate
349,0.08733750000000001,False,LOW,1,0,1,18,Graduate
350,0.4787166666666667,True,HIGH,0,0,1,19,Dropout
351,0.10252998251748253,False,LOW,1,0,1,21,Graduate
352,0.4326041666666666,True,HIGH,0,0,1,20,Graduate
353,0.38483750000000005,True,HIGH,1,0,1,21,Dropout
354,0.4436053571428572,True,HIGH,1,1,1,24,Enrolled
355,0.12289166666666668,False,MEDIUM,1,0,1,21,Graduate
356,0.24727500000000002,True,HIGH,1,0,1,19,Dropout
357,0.3791125,True,HIGH,1,0,1,22,Dropout
358,0.11450000000000002,False,MEDIUM,1,0,0,38,Dropout
359,0.6727625,True,HIGH,0,1,1,26,Dropout
360,0.1615625,True,HIGH,1,0,0,19,Dropout
361,0.10513750000000002,False,LOW,1,0,1,19,Graduate
362,0.36833750000000004,True,HIGH,1,0,1,19,Graduate
363,0.3927125,True,HIGH,1,0,1,25,Dropout
364,0.3765125,True,HIGH,1,0,1,21,Dropout
365,0.11842916666666668,False,MEDIUM,1,0,1,20,Graduate
366,0.5257319444444444,True,HIGH,0,0,1,26,Dropout
367,0.6450833333333333,True,HIGH,0,0,1,28,Dropout
368,0.15132083333333335,False,MEDIUM,1,0,1,19,Graduate
369,0.2100275,True,HIGH,1,0,1,20,Dropout
370,0.11252559523809524,False,MEDIUM,1,0,1,18,Graduate
371,0.41250000000000003,True,HIGH,1,0,1,46,Dropout
372,0.13443750000000002,False,MEDIUM,1,0,0,38,Graduate
373,0.09342361111111111,False,LOW,1,0,1,18,Graduate
374,0.1206875,False,MEDIUM,1,0,1,18,Graduate
375,0.38205000000000006,True,HIGH,1,0,0,31,Dropout
376,0.07005952380952381,False,LOW,1,0,1,27,Dropout
377,0.1406607142857143,False,MEDIUM,1,0,1,18,Enrolled
378,0.12218750000000002,False,MEDIUM,1,0,0,44,Graduate
379,0.08806904761904763,False,LOW,1,0,1,18,Graduate
380,0.60125,True,HIGH,0,0,1,35,Dropout
381,0.12633333333333335,False,MEDIUM,1,0,1,19,Dropout
382,0.12584583333333332,False,MEDIUM,1,0,1,23,Graduate
383,0.14624821428571427,False,MEDIUM,1,0,1,25,Graduate
384,0.13658333333333333,False,MEDIUM,1,0,1,18,Graduate
385,0.30500000000000005,True,HIGH,1,0,1,39,Dropout
386,0.36760000000000004,True,HIGH,1,0,1,20,Graduate
387,0.17929761904761904,True,HIGH,1,0,1,21,Graduate
388,0.11383154761904762,False,MEDIUM,1,0,1,21,Graduate
389,0.39942500000000003,True,HIGH,1,0,0,50,Dropout
390,0.109425,False,MEDIUM,1,0,1,18,Graduate
391,0.45458333333333334,True,HIGH,1,1,0,33,Graduate
392,0.16566666666666668,True,HIGH,1,0,1,21,Graduate
393,0.3389625,True,HIGH,1,0,0,39,Dropout
394,0.5480666666666666,True,HIGH,0,0,1,18,missing
395,0.11028750000000001,False,MEDIUM,1,0,1,19,Graduate
396,0.14858333333333335,False,MEDIUM,1,0,0,24,Graduate
397,0.5548625,True,HIGH,0,0,1,19,Dropout
398,0.10510625000000001,False,LOW,1,0,1,18,Graduate
399,0.5135624999999999,True,HIGH,0,0,0,43,Dropout
400,0.2109875,True,HIGH,1,0,1,18,Enrolled
401,0.17054166666666665,True,HIGH,1,0,0,31,Enrolled
402,0.38036250000000005,True,HIGH,1,0,1,19,Dropout
403,0.10970714285714285,False,MEDIUM,1,0,1,19,Graduate
404,0.17499583333333332,True,HIGH,1,0,1,19,Dropout
405,0.3202125,True,HIGH,1,0,1,21,Enrolled
406,0.1361,False,MEDIUM,1,0,1,23,Enrolled
407,0.10392678571428572,False,LOW,1,0,1,20,Enrolled
408,0.44225059523809523,True,HIGH,1,1,1,20,Enrolled
409,0.1090450892857143,False,MEDIUM,1,0,1,21,Graduate
410,0.5050541666666667,True,HIGH,0,1,1,24,Dropout
411,0.24194166666666667,True,HIGH,1,0,1,20,Dropout
412,0.1432875,False,MEDIUM,1,0,1,18,Graduate
413,0.13999285714285714,False,MEDIUM,1,0,1,18,Graduate
414,0.6321428571428571,True,HIGH,0,1,1,44,missing
415,0.13788333333333333,False,MEDIUM,1,0,1,18,Graduate
416,0.15395833333333336,True,HIGH,1,0,1,19,Enrolled
417,0.4260555555555556,True,HIGH,1,1,1,21,Enrolled
418,0.37612500000000004,True,HIGH,1,0,1,18,Dropout
419,0.13512142857142856,False,MEDIUM,1,0,1,19,Graduate
420,0.1464982142857143,False,MEDIUM,1,0,1,18,Graduate
421,0.12128348214285717,False,MEDIUM,1,0,1,20,Graduate
422,0.2800958333333333,True,HIGH,1,0,1,20,Dropout
423,0.124525,False,MEDIUM,1,0,0,30,Graduate
424,0.15920833333333334,True,HIGH,1,0,1,18,Enrolled
425,0.10061249999999998,False,LOW,1,0,1,19,Graduate
426,0.14525833333333332,False,MEDIUM,1,0,1,19,Graduate
427,0.11011666666666667,False,MEDIUM,1,0,1,20,Graduate
428,0.15930357142857146,True,HIGH,1,0,1,20,Enrolled
429,0.39038750000000005,True,HIGH,1,0,1,20,Graduate
430,0.6508958333333332,True,HIGH,0,0,0,33,Dropout
431,0.37355000000000005,True,HIGH,1,0,1,19,Graduate
432,0.15335,True,HIGH,1,0,1,25,Graduate
433,0.38178750000000006,True,HIGH,1,0,0,20,Dropout
434,0.6925,True,HIGH,0,0,0,42,Dropout
435,0.09461607142857144,False,LOW,1,0,0,35,Graduate
436,0.09682738095238097,False,LOW,1,0,1,33,Graduate
437,0.14610714285714288,False,MEDIUM,1,0,1,18,Graduate
438,0.6695625,True,HIGH,0,1,0,45,Dropout
439,0.1320625,False,MEDIUM,1,0,1,35,Graduate
440,0.14245714285714287,False,MEDIUM,1,0,1,18,Graduate
441,0.10819642857142857,False,MEDIUM,1,0,1,19,Graduate
442,0.1074919642857143,False,MEDIUM,1,0,1,20,Graduate
443,0.17333333333333334,True,HIGH,1,0,1,18,Enrolled
444,0.099475,False,LOW,1,0,1,19,Graduate
445,0.07375,False,LOW,1,0,0,41,Graduate
446,0.4251083333333333,True,HIGH,1,1,1,20,Enrolled
447,0.3769642857142857,True,HIGH,1,1,1,20,Dropout
448,0.12788035714285714,False,MEDIUM,1,0,1,19,Graduate
449,0.09939880952380953,False,LOW,1,0,1,19,Graduate
450,0.0891730158730159,False,LOW,1,0,1,20,Graduate
451,0.13984821428571428,False,MEDIUM,1,0,1,19,Graduate
452,0.7714624999999999,True,HIGH,0,1,1,41,Dropout
453,0.12407916666666668,False,MEDIUM,1,0,1,18,Graduate
454,0.19041666666666668,True,HIGH,1,0,1,19,Enrolled
455,0.6727500000000001,True,HIGH,0,0,1,20,Dropout
456,0.10728988095238096,False,MEDIUM,1,0,1,18,Graduate
457,0.1318767857142857,False,MEDIUM,1,0,1,18,Enrolled
458,0.6725125000000001,True,HIGH,0,1,1,18,Graduate
459,0.12543630952380952,False,MEDIUM,1,0,1,20,missing
460,0.38406250000000003,True,HIGH,1,0,0,41,Dropout
461,0.5399999999999999,True,HIGH,0,1,1,23,Dropout
462,0.49250000000000005,True,HIGH,0,1,1,24,Enrolled
463,0.14263750000000003,False,MEDIUM,1,0,1,18,Graduate
464,0.13890892857142859,False,MEDIUM,1,0,1,26,Graduate
465,0.10392083333333332,False,LOW,1,0,1,18,Graduate
466,0.10362083333333333,False,LOW,1,0,1,19,Graduate
467,0.09280555555555556,False,LOW,1,0,1,18,Graduate
468,0.12773214285714285,False,MEDIUM,1,0,1,20,Graduate
469,0.457635119047619,True,HIGH,0,0,1,18,Dropout
470,0.15243333333333337,True,HIGH,1,0,1,18,Graduate
471,0.37223750000000005,True,HIGH,1,0,1,25,Dropout
472,0.13964464285714287,False,MEDIUM,1,0,1,18,Graduate
473,0.1059125,False,LOW,1,0,1,19,Dropout
474,0.13721250000000002,False,MEDIUM,1,0,1,20,Graduate
475,0.36333750000000004,True,HIGH,1,0,1,18,Dropout
476,0.37738750000000004,True,HIGH,1,0,1,21,Dropout
477,0.459375,True,HIGH,1,1,1,20,Enrolled
478,0.0994047619047619,False,LOW,1,0,1,20,Graduate
479,0.111625,False,MEDIUM,1,0,1,18,Graduate
480,0.819125,True,HIGH,0,0,1,32,missing
481,0.40621250000000003,True,HIGH,1,0,1,26,Dropout
482,0.4976541666666667,True,HIGH,0,1,1,18,Enrolled
483,0.6927125000000001,True,HIGH,0,0,1,28,Dropout
484,0.1313169642857143,False,MEDIUM,1,0,1,25,Enrolled
485,0.11335305944055946,False,MEDIUM,1,0,0,22,Graduate
486,0.19196666666666667,True,HIGH,1,0,1,20,Enrolled
487,0.1144886904761905,False,MEDIUM,1,0,1,18,Graduate
488,0.37650000000000006,True,HIGH,1,0,1,20,Graduate
489,0.11042857142857143,False,MEDIUM,1,0,1,22,Graduate
490,0.22100000000000003,True,HIGH,1,0,1,37,Graduate
491,0.12502500000000003,False,MEDIUM,1,0,1,20,Graduate
492,0.1483875,False,MEDIUM,1,0,1,19,Dropout
493,0.16056249999999997,True,HIGH,1,0,1,18,Enrolled
494,0.11232142857142857,False,MEDIUM,1,0,1,22,Graduate
495,0.4252958333333333,True,HIGH,0,0,1,18,Graduate
496,0.10693750000000002,False,MEDIUM,1,0,1,19,Graduate
497,0.10147500000000002,False,LOW,1,0,1,19,Enrolled
498,0.13883333333333334,False,MEDIUM,1,0,1,21,Graduate
499,0.09285833333333335,False,LOW,1,0,1,18,Graduate
500,0.3532142857142857,True,HIGH,1,0,1,29,Dropout
501,0.22603333333333334,True,HIGH,1,0,1,21,Dropout
502,0.11125416666666667,False,MEDIUM,1,0,1,18,Graduate
503,0.10194166666666667,False,LOW,1,0,1,18,Dropout
504,0.678,True,HIGH,1,1,1,19,Dropout
505,0.12283571428571428,False,MEDIUM,1,0,1,20,Graduate
506,0.33668333333333333,True,HIGH,1,0,0,24,Dropout
507,0.18708333333333332,True,HIGH,1,0,1,19,Enrolled
508,0.13859285714285713,False,MEDIUM,1,0,1,18,Enrolled
509,0.11429732142857144,False,MEDIUM,1,0,1,27,Graduate
510,0.14145192307692311,False,MEDIUM,1,0,0,29,Dropout
511,0.16327083333333334,True,HIGH,1,0,0,33,Graduate
512,0.13841011904761905,False,MEDIUM,1,0,1,20,Enrolled
513,0.12727440476190477,False,MEDIUM,1,0,1,18,Graduate
514,0.4799017857142857,True,HIGH,1,1,0,34,Graduate
515,0.32914583333333336,True,HIGH,1,0,1,21,Enrolled
516,0.09610714285714284,False,LOW,1,0,1,18,Enrolled
517,0.2190125,True,HIGH,1,0,0,41,Dropout
518,0.13942142857142859,False,MEDIUM,1,0,1,19,Enrolled
519,0.12413511904761904,False,MEDIUM,1,0,1,18,Enrolled
520,0.1585589285714286,True,HIGH,1,0,1,20,Enrolled
521,0.1439848484848485,False,MEDIUM,1,0,0,44,Enrolled
522,0.21881250000000002,True,HIGH,1,0,0,45,Dropout
523,0.10245932539682541,False,LOW,1,0,1,18,Graduate
524,0.1985625,True,HIGH,1,0,1,19,Enrolled
525,0.11474732142857144,False,MEDIUM,1,0,1,37,Graduate
526,0.18497678571428575,True,HIGH,1,0,1,25,Graduate
527,0.11983750000000001,False,MEDIUM,1,0,1,18,Graduate
528,0.1384392857142857,False,MEDIUM,1,0,1,18,Graduate
529,0.18492500000000003,True,HIGH,1,0,1,20,Dropout
530,0.07666666666666667,False,LOW,1,0,1,21,Graduate
531,0.685625,True,HIGH,0,0,1,32,Dropout
532,0.15867857142857145,True,HIGH,1,0,1,19,missing
533,0.12858333333333333,False,MEDIUM,1,0,1,18,Graduate
534,0.32334999999999997,True,HIGH,1,0,1,22,Dropout
535,0.40775,True,HIGH,0,0,1,21,Dropout
536,0.12470000000000002,False,MEDIUM,1,0,1,18,Graduate
537,0.22756666666666667,True,HIGH,1,0,1,25,Dropout
538,0.09016607142857143,False,LOW,1,0,1,18,Graduate
539,0.09723333333333334,False,LOW,1,0,1,18,Graduate
540,0.3816375,True,HIGH,1,0,1,18,Graduate
541,0.17489166666666664,True,HIGH,1,0,1,20,Graduate
542,0.6786625000000001,True,HIGH,0,0,1,32,Dropout
543,0.13773392857142858,False,MEDIUM,1,0,1,20,Enrolled
544,0.0732936507936508,False,LOW,1,0,1,29,Graduate
545,0.6857125000000001,True,HIGH,0,1,1,27,Dropout
546,0.6680375000000001,True,HIGH,0,0,1,19,Graduate
547,0.104125,False,LOW,1,0,1,18,Graduate
548,0.6994375,True,HIGH,0,1,1,24,Dropout
549,0.685325,True,HIGH,0,0,0,36,Dropout
550,0.10356428571428572,False,LOW,1,0,1,24,Dropout
551,0.18800833333333336,True,HIGH,1,0,1,20,Graduate
552,0.16152232142857142,True,HIGH,1,0,1,18,Graduate
553,0.10433333333333333,False,LOW,1,0,0,19,Graduate
554,0.211875,True,HIGH,1,0,1,19,Dropout
555,0.41729999999999995,True,HIGH,1,1,1,18,Graduate
556,0.13415,False,MEDIUM,1,0,0,32,Graduate
557,0.1393214285714286,False,MEDIUM,1,0,1,18,Graduate
558,0.4678375,True,HIGH,0,1,1,25,Dropout
559,0.11317638888888888,False,MEDIUM,1,0,1,20,missing
560,0.1838541666666667,True,HIGH,1,0,1,18,Dropout
561,0.6814625,True,HIGH,0,1,1,28,Dropout
562,0.5034583333333333,True,HIGH,0,1,1,18,Dropout
563,0.12210178571428573,False,MEDIUM,1,0,1,18,missing
564,0.13775,False,MEDIUM,1,0,1,18,Enrolled
565,0.09418750000000001,False,LOW,1,0,1,32,Graduate
566,0.11375,False,MEDIUM,1,0,1,19,Graduate
567,0.253075,True,HIGH,1,0,1,18,Dropout
568,0.14121031746031748,False,MEDIUM,1,0,0,45,missing
569,0.12657916666666666,False,MEDIUM,1,0,1,18,Enrolled
570,0.27638749999999995,True,HIGH,1,0,0,33,Dropout
571,0.16991666666666672,True,HIGH,1,0,1,23,Enrolled
572,0.22328750000000003,True,HIGH,1,0,1,19,Dropout
573,0.082596875,False,LOW,1,0,1,20,Graduate
574,0.563125,True,HIGH,0,0,0,31,Dropout
575,0.5075041666666666,True,HIGH,0,1,1,19,Dropout
576,0.10935396825396826,False,MEDIUM,1,0,1,22,Graduate
577,0.11243125,False,MEDIUM,1,0,1,18,Graduate
578,0.12949920634920636,False,MEDIUM,1,0,0,50,Graduate
579,0.3808,True,HIGH,1,0,0,22,Dropout
580,0.12638035714285714,False,MEDIUM,1,0,1,18,Graduate
581,0.669,True,HIGH,0,0,1,18,Dropout
582,0.11879821428571427,False,MEDIUM,1,0,1,20,Graduate
583,0.3014625000000001,True,HIGH,1,0,1,21,Dropout
584,0.12254761904761906,False,MEDIUM,1,0,1,18,Graduate
585,0.12950416666666667,False,MEDIUM,1,0,1,20,Enrolled
586,0.67195,True,HIGH,0,0,1,19,Dropout
587,0.08735909090909091,False,LOW,1,0,1,19,Graduate
588,0.14402500000000001,False,MEDIUM,1,0,1,18,Dropout
589,0.11686666666666667,False,MEDIUM,1,0,1,18,Graduate
590,0.5766666666666667,True,HIGH,0,0,1,22,Dropout
591,0.6493791666666666,True,HIGH,0,1,1,25,Dropout
592,0.46002499999999996,True,HIGH,1,0,0,50,Dropout
593,0.09673303571428572,False,LOW,1,0,1,18,Graduate
594,0.5558333333333333,True,HIGH,0,0,1,31,Dropout
595,0.15724583333333333,True,HIGH,1,0,1,18,Dropout
596,0.5058791666666667,True,HIGH,0,0,0,31,Dropout
597,0.14926250000000002,False,MEDIUM,1,0,1,19,Graduate
598,0.11259999999999998,False,MEDIUM,1,0,1,20,Graduate
599,0.5236166666666666,True,HIGH,0,1,1,25,Dropout
600,0.1590416666666667,True,HIGH,1,0,1,18,Graduate
601,0.12249737762237763,False,MEDIUM,1,0,0,44,Graduate
602,0.5978249999999999,True,HIGH,1,1,0,33,Dropout
603,0.27038750000000006,True,HIGH,1,0,1,22,Dropout
604,0.10531071428571429,False,LOW,1,0,1,18,Graduate
605,0.2182,True,HIGH,1,0,1,18,Enrolled
606,0.4344470238095238,True,HIGH,1,1,1,26,Graduate
607,0.12210416666666668,False,MEDIUM,1,0,1,19,Graduate
608,0.37000000000000005,True,HIGH,1,0,0,27,Dropout
609,0.09877500000000002,False,LOW,1,0,1,20,Graduate
610,0.5175,True,HIGH,1,0,1,36,Dropout
611,0.41946249999999996,True,HIGH,1,1,1,18,Graduate
612,0.17895,True,HIGH,1,0,1,19,Enrolled
613,0.12879583333333333,False,MEDIUM,1,0,1,21,Graduate
614,0.5930041666666667,True,HIGH,0,1,1,19,Dropout
615,0.15471011904761905,True,HIGH,1,0,1,22,Graduate
616,0.1255464285714286,False,MEDIUM,1,0,1,20,Graduate
617,0.10119047619047619,False,LOW,1,0,1,23,Graduate
618,0.09438568376068378,False,LOW,1,0,1,27,Graduate
619,0.11081250000000001,False,MEDIUM,1,0,1,19,Graduate
620,0.6750875000000001,True,HIGH,0,1,1,28,Dropout
621,0.195,True,HIGH,1,0,1,21,Dropout
622,0.6712750000000001,True,HIGH,0,1,1,25,Enrolled
623,0.1079811507936508,False,MEDIUM,1,0,1,21,Graduate
624,0.167875,True,HIGH,1,0,1,47,Dropout
625,0.11048263888888889,False,MEDIUM,1,0,1,19,Graduate
626,0.17925535714285715,True,HIGH,1,0,1,19,Enrolled
627,0.14860833333333334,False,MEDIUM,1,0,1,18,missing
628,0.11485416666666667,False,MEDIUM,1,0,1,20,Graduate
629,0.13817083333333333,False,MEDIUM,1,0,1,18,Graduate
630,0.10185416666666668,False,LOW,1,0,1,19,Graduate
631,0.20079166666666665,True,HIGH,1,0,0,27,Dropout
632,0.40058750000000004,True,HIGH,1,0,1,25,Dropout
633,0.370425,True,HIGH,1,0,1,20,Dropout
634,0.11316310217560217,False,MEDIUM,1,0,1,20,missing
635,0.19716666666666666,True,HIGH,1,0,1,50,Enrolled
636,0.37535,True,HIGH,1,0,1,19,Dropout
637,0.8633749999999999,True,HIGH,0,1,1,47,Dropout
638,0.11284166666666666,False,MEDIUM,1,0,1,18,Graduate
639,0.1108232142857143,False,MEDIUM,1,0,1,21,Graduate
640,0.6114625,True,HIGH,1,1,1,40,Enrolled
641,0.11274583333333334,False,MEDIUM,1,0,1,20,Graduate
642,0.23719583333333338,True,HIGH,1,0,0,30,Dropout
643,0.5825000000000001,True,HIGH,0,0,1,18,Dropout
644,0.20854166666666668,True,HIGH,1,0,1,27,Dropout
645,0.19229166666666664,True,HIGH,1,0,0,36,Dropout
646,0.22025,True,HIGH,1,0,1,21,Dropout
647,0.11107916666666667,False,MEDIUM,1,0,1,19,Graduate
648,0.38646250000000004,True,HIGH,1,0,1,58,Dropout
649,0.18602083333333333,True,HIGH,1,0,1,18,Enrolled
650,0.10850138888888891,False,MEDIUM,1,0,1,18,Graduate
651,0.700025,True,HIGH,0,0,1,44,Dropout
652,0.10752916666666668,False,MEDIUM,1,0,1,18,Graduate
653,0.40227500000000005,True,HIGH,1,0,1,24,Dropout
654,0.37875000000000003,True,HIGH,0,0,1,19,missing
655,0.10057083333333333,False,LOW,1,0,1,18,Graduate
656,0.2078791666666667,True,HIGH,1,0,1,21,Enrolled
657,0.11342857142857143,False,MEDIUM,1,0,1,18,Dropout
658,0.10333333333333335,False,LOW,1,0,1,22,Graduate
659,0.2257607142857143,True,HIGH,1,0,1,19,Enrolled
660,0.2975541666666667,True,HIGH,1,0,1,22,Dropout
661,0.12857857142857143,False,MEDIUM,1,0,1,20,Graduate
662,0.5100839285714286,True,HIGH,0,1,1,20,Dropout
663,0.5796428571428572,True,HIGH,0,1,1,29,Dropout
664,0.5550339285714285,True,HIGH,0,0,1,39,Dropout
665,0.16307083333333333,True,HIGH,1,0,1,18,Graduate
666,0.10945937500000001,False,MEDIUM,1,0,1,18,Graduate
667,0.10415625,False,LOW,1,0,1,18,Graduate
668,0.14953333333333335,False,MEDIUM,1,0,1,21,Graduate
669,0.16166250000000001,True,HIGH,1,0,1,18,Graduate
670,0.11541666666666667,False,MEDIUM,1,0,0,30,Graduate
671,0.37565000000000004,True,HIGH,1,0,1,42,Dropout
672,0.4059625,True,HIGH,1,1,1,18,Graduate
673,0.10689107142857145,False,MEDIUM,1,0,1,19,Graduate
674,0.2020875,True,HIGH,1,0,1,21,Enrolled
675,0.6837125000000001,True,HIGH,0,0,1,33,Dropout
676,0.18208333333333335,True,HIGH,1,0,1,26,Dropout
677,0.09994206349206351,False,LOW,1,0,1,18,Graduate
678,0.14237500000000003,False,MEDIUM,1,0,1,18,Graduate
679,0.11165218253968255,False,MEDIUM,1,0,1,18,Dropout
680,0.13211964285714287,False,MEDIUM,1,0,1,20,Graduate
681,0.10503124999999999,False,LOW,1,0,1,20,Graduate
682,0.1163125,False,MEDIUM,1,0,1,18,Graduate
683,0.1391791666666667,False,MEDIUM,1,0,1,22,Graduate
684,0.3872125,True,HIGH,1,0,1,36,Dropout
685,0.51575,True,HIGH,1,1,1,21,Enrolled
686,0.676975,True,HIGH,0,0,1,27,Dropout
687,0.1189125,False,MEDIUM,1,0,1,19,Graduate
688,0.11130833333333334,False,MEDIUM,1,0,1,18,Enrolled
689,0.47562499999999996,True,HIGH,0,0,1,18,Enrolled
690,0.10696602182539683,False,MEDIUM,1,0,1,21,Graduate
691,0.4407794220485397,True,HIGH,1,1,1,23,Enrolled
692,0.13092916666666665,False,MEDIUM,1,0,1,19,Dropout
693,0.09846071428571429,False,LOW,1,0,1,18,Graduate
694,0.09922500000000001,False,LOW,1,0,1,20,Graduate
695,0.07124243139901035,False,LOW,1,0,1,23,Graduate
696,0.15717083333333332,True,HIGH,1,0,1,34,Dropout
697,0.11202410714285714,False,MEDIUM,1,0,1,19,Graduate
698,0.3767125,True,HIGH,1,0,1,19,Dropout
699,0.17821428571428571,True,HIGH,1,0,1,21,Graduate
700,0.16316785714285717,True,HIGH,1,0,1,18,Enrolled
701,0.13448809523809524,False,MEDIUM,1,0,1,19,Graduate
702,0.1554375,True,HIGH,1,0,1,20,Enrolled
703,0.1411589285714286,False,MEDIUM,1,0,1,19,Enrolled
704,0.4683904761904762,True,HIGH,0,0,1,42,Dropout
705,0.41334166666666666,True,HIGH,0,0,1,29,Enrolled
706,0.37681250000000005,True,HIGH,1,0,1,20,Dropout
707,0.12713154761904763,False,MEDIUM,1,0,1,26,Dropout
708,0.09481607142857144,False,LOW,1,0,1,18,Graduate
709,0.10388333333333333,False,LOW,1,0,1,19,Graduate
710,0.10654999999999999,False,MEDIUM,1,0,1,19,Graduate
711,0.37641250000000004,True,HIGH,1,0,1,19,Dropout
712,0.07009133644133646,False,LOW,1,0,1,20,Graduate
713,0.11756666666666668,False,MEDIUM,1,0,1,19,Graduate
714,0.7725,True,HIGH,0,0,1,41,Dropout
715,0.369425,True,HIGH,1,0,1,19,Graduate
716,0.1467857142857143,False,MEDIUM,1,0,1,20,Enrolled
717,0.13600416666666668,False,MEDIUM,1,0,1,62,Graduate
718,0.1028284090909091,False,LOW,1,0,1,20,Graduate
719,0.16987202380952382,True,HIGH,1,0,1,18,Graduate
720,0.20347083333333335,True,HIGH,1,0,1,26,Enrolled
721,0.08825000000000001,False,LOW,1,0,0,37,Enrolled
722,0.4512583333333333,True,HIGH,0,1,1,18,Dropout
723,0.68125,True,HIGH,0,1,1,27,Dropout
724,0.14968214285714287,False,MEDIUM,1,0,1,18,Enrolled
725,0.11230833333333334,False,MEDIUM,1,0,1,20,Graduate
726,0.09536249999999999,False,LOW,1,0,1,19,Graduate
727,0.368275,True,HIGH,1,0,1,20,Dropout
728,0.36700000000000005,True,HIGH,1,0,1,19,Dropout
729,0.120475,False,MEDIUM,1,0,1,22,Graduate
730,0.17399993894993898,True,HIGH,1,0,1,28,Graduate
731,0.1751375,True,HIGH,1,0,1,18,Graduate
732,0.5352535714285714,True,HIGH,0,1,1,49,Dropout
733,0.21044999999999997,True,HIGH,1,0,1,19,Enrolled
734,0.12460000000000002,False,MEDIUM,1,0,1,18,Graduate
735,0.19858333333333336,True,HIGH,1,0,1,18,Enrolled
736,0.13566666666666669,False,MEDIUM,1,0,0,42,Graduate
737,0.2613333333333333,True,HIGH,1,0,1,18,Enrolled
738,0.11321428571428573,False,MEDIUM,1,0,1,25,Dropout
739,0.10499358974358974,False,LOW,1,0,1,29,Graduate
740,0.10642916666666667,False,MEDIUM,1,0,1,19,Graduate
741,0.17068750000000002,True,HIGH,1,0,1,18,Graduate
742,0.5458333333333334,True,HIGH,0,0,1,27,Dropout
743,0.3643715909090909,True,HIGH,0,0,1,19,Graduate
744,0.15917261904761906,True,HIGH,1,0,1,19,Graduate
745,0.11384999999999999,False,MEDIUM,1,0,1,18,Dropout
746,0.11732916666666668,False,MEDIUM,1,0,0,20,Enrolled
747,0.14542559523809526,False,MEDIUM,1,0,1,18,Graduate
748,0.373775,True,HIGH,1,0,1,19,Dropout
749,0.37066250000000006,True,HIGH,1,0,1,22,Dropout
750,0.10968333333333334,False,MEDIUM,1,0,1,18,Graduate
751,0.14022500000000002,False,MEDIUM,1,0,1,18,Graduate
752,0.70115,True,HIGH,0,1,1,24,Dropout
753,0.10999007936507937,False,MEDIUM,1,0,1,19,Graduate
754,0.3813690476190476,True,HIGH,1,1,1,21,Graduate
755,0.10358173076923077,False,LOW,1,0,1,32,Graduate
756,0.168125,True,HIGH,1,0,1,28,Enrolled
757,0.37291250000000004,True,HIGH,1,0,1,20,Dropout
758,0.37875000000000003,True,HIGH,1,0,0,34,Enrolled
759,0.11722678571428573,False,MEDIUM,1,0,1,18,Graduate
760,0.3746125,True,HIGH,1,0,1,18,Graduate
761,0.37146250000000003,True,HIGH,1,0,1,18,Graduate
762,0.121075,False,MEDIUM,1,0,1,23,Graduate
763,0.1104857142857143,False,MEDIUM,1,0,1,20,Graduate
764,0.10643750000000002,False,MEDIUM,1,0,1,18,Graduate
765,0.4441666666666667,True,HIGH,0,1,1,20,Dropout
766,0.13197559523809524,False,MEDIUM,1,0,1,18,missing
767,0.10832976190476189,False,MEDIUM,1,0,1,19,Graduate
768,0.16997916666666668,True,HIGH,1,0,1,21,Dropout
769,0.13673809523809524,False,MEDIUM,1,0,1,18,Graduate
770,0.09572083333333334,False,LOW,1,0,1,18,Graduate
771,0.32014583333333335,True,HIGH,1,0,1,20,Dropout
772,0.32076666666666664,True,HIGH,1,0,1,20,Dropout
773,0.13324583333333334,False,MEDIUM,1,0,0,30,Dropout
774,0.13216130952380953,False,MEDIUM,1,0,0,21,missing
775,0.4189030555555555,True,HIGH,1,1,1,20,Graduate
776,0.1096309523809524,False,MEDIUM,1,0,1,19,Graduate
777,0.10402916666666667,False,LOW,1,0,1,19,Graduate
778,0.7170875,True,HIGH,0,1,0,50,Dropout
779,0.44625000000000004,True,HIGH,0,1,1,21,Dropout
780,0.49533333333333335,True,HIGH,0,0,1,35,Dropout
781,0.10815000000000002,False,MEDIUM,1,0,1,18,Graduate
782,0.5162541666666667,True,HIGH,1,1,1,23,Dropout
783,0.08837083333333334,False,LOW,1,0,1,19,Graduate
784,0.4590875,True,HIGH,0,1,1,21,Dropout
785,0.10214583333333334,False,LOW,1,0,1,18,Graduate
786,0.37378750000000005,True,HIGH,1,0,1,20,Dropout
787,0.1350375,False,MEDIUM,1,0,1,18,Graduate
788,0.4336833333333333,True,HIGH,1,1,1,20,Dropout
789,0.10700000000000001,False,MEDIUM,1,0,1,18,Graduate
790,0.13804226190476193,False,MEDIUM,1,0,1,19,Dropout
791,0.14159537962037966,False,MEDIUM,1,0,1,34,Graduate
792,0.106675,False,MEDIUM,1,0,1,19,Graduate
793,0.11426130952380953,False,MEDIUM,1,0,1,20,Graduate
794,0.19644999999999999,True,HIGH,1,0,1,18,Enrolled
795,0.09794500000000002,False,LOW,1,0,1,19,Graduate
796,0.17726666666666666,True,HIGH,1,0,0,37,missing
797,0.0965011904761905,False,LOW,1,0,1,18,Graduate
798,0.13712741596638656,False,MEDIUM,1,0,1,24,Dropout
799,0.11793055555555557,False,MEDIUM,1,0,1,19,Graduate
800,0.10191388888888889,False,LOW,1,0,1,18,Graduate
801,0.37082500000000007,True,HIGH,1,0,1,19,Dropout
802,0.454225,True,HIGH,0,0,1,20,Dropout
803,0.13778333333333334,False,MEDIUM,1,0,1,20,Graduate
804,0.34236666666666665,True,HIGH,1,0,1,24,Dropout
805,0.15849583333333334,True,HIGH,1,0,1,19,Graduate
806,0.6625,True,HIGH,0,1,1,26,Dropout
807,0.1628625,True,HIGH,1,0,1,20,Graduate
808,0.45942916666666667,True,HIGH,0,0,1,18,Graduate
809,0.1487232142857143,False,MEDIUM,1,0,1,19,Graduate
810,0.11577173913043479,False,MEDIUM,1,0,1,22,Graduate
811,0.2770833333333333,True,HIGH,1,0,1,24,Dropout
812,0.37000000000000005,True,HIGH,1,0,1,22,Enrolled
813,0.12995654761904762,False,MEDIUM,1,0,0,41,Graduate
814,0.2383482142857143,True,HIGH,1,0,1,19,Dropout
815,0.15229642857142858,True,HIGH,1,0,1,18,Graduate
816,0.1362375,False,MEDIUM,1,0,1,21,Graduate
817,0.2050375,True,HIGH,1,0,1,19,Enrolled
818,0.23232142857142857,True,HIGH,1,0,1,20,missing
819,0.12445059523809524,False,MEDIUM,1,0,1,18,Graduate
820,0.6023041666666666,True,HIGH,0,1,1,20,Dropout
821,0.11012460317460318,False,MEDIUM,1,0,1,19,Graduate
822,0.09175357142857145,False,LOW,1,0,1,18,Dropout
823,0.6357125,True,HIGH,0,0,1,29,Dropout
824,0.2506083333333333,True,HIGH,1,0,1,22,Enrolled
825,0.38531250000000006,True,HIGH,1,0,1,19,Dropout
826,0.09269583333333332,False,LOW,1,0,1,18,Graduate
827,0.37021250000000006,True,HIGH,1,0,1,30,Dropout
828,0.1312529761904762,False,MEDIUM,1,0,1,19,Dropout
829,0.10415833333333335,False,LOW,1,0,1,19,Enrolled
830,0.17402916666666668,True,HIGH,1,0,0,49,Dropout
831,0.14957142857142858,False,MEDIUM,1,0,0,37,Graduate
832,0.09382321428571427,False,LOW,1,0,1,18,Graduate
833,0.11033928571428572,False,MEDIUM,1,0,1,18,Graduate
834,0.5883875,True,HIGH,0,1,1,26,Dropout
835,0.09209107142857144,False,LOW,1,0,1,26,Graduate
836,0.36750000000000005,True,HIGH,1,0,1,34,Dropout
837,0.11939166666666666,False,MEDIUM,1,0,1,18,Graduate
838,0.37775000000000003,True,HIGH,1,0,1,22,Enrolled
839,0.13046666666666668,False,MEDIUM,1,0,1,20,Graduate
840,0.40113988095238096,True,HIGH,0,0,1,19,Graduate
841,0.28042083333333334,True,HIGH,1,0,1,19,Dropout
842,0.19608333333333333,True,HIGH,1,0,1,22,Dropout
843,0.15025000000000002,False,MEDIUM,1,0,1,18,Graduate
844,0.37741250000000004,True,HIGH,1,0,1,21,Graduate
845,0.42831250000000004,True,HIGH,1,1,1,24,Graduate
846,0.5114196428571428,True,HIGH,1,1,0,50,Graduate
847,0.7564624999999999,True,HIGH,0,1,1,29,Dropout
848,0.6695375,True,HIGH,0,1,1,23,Dropout
849,0.1437047619047619,False,MEDIUM,1,0,1,19,Graduate
850,0.11557500000000002,False,MEDIUM,1,0,1,20,Graduate
851,0.193125,True,HIGH,1,0,1,20,Enrolled
852,0.11210476190476193,False,MEDIUM,1,0,1,20,Graduate
853,0.12406964285714288,False,MEDIUM,1,0,1,20,Graduate
854,0.28284999999999993,True,HIGH,1,0,1,20,Dropout
855,0.6675,True,HIGH,0,0,0,26,missing
856,0.37591250000000004,True,HIGH,1,0,1,20,Graduate
857,0.15028333333333335,False,MEDIUM,1,0,1,19,Graduate
858,0.6940875,True,HIGH,0,0,0,28,Dropout
859,0.4851291666666666,True,HIGH,1,1,1,18,Dropout
860,0.12501915584415585,False,MEDIUM,1,0,0,28,Graduate
861,0.13062976190476192,False,MEDIUM,1,0,1,19,Graduate
862,0.10462544642857144,False,LOW,1,0,1,19,Graduate
863,0.12007916666666668,False,MEDIUM,1,0,1,19,Graduate
864,0.2140041666666667,True,HIGH,1,0,1,22,Enrolled
865,0.5159498015873016,True,HIGH,0,0,1,35,Dropout
866,0.10895486111111112,False,MEDIUM,1,0,1,18,Graduate
867,0.13546309523809524,False,MEDIUM,1,0,1,18,Graduate
868,0.09651111111111112,False,LOW,1,0,1,19,Graduate
869,0.17818750000000005,True,HIGH,1,0,0,47,Dropout
870,0.17292916666666666,True,HIGH,1,0,1,19,Graduate
871,0.454225,True,HIGH,1,0,1,29,Dropout
872,0.6731625,True,HIGH,1,1,1,21,Dropout
873,0.11935311355311357,False,MEDIUM,1,0,1,25,Dropout
874,0.36331250000000004,True,HIGH,1,0,1,19,Dropout
875,0.45858750000000004,True,HIGH,0,0,1,18,Dropout
876,0.15869583333333334,True,HIGH,1,0,1,19,Graduate
877,0.11217083333333334,False,MEDIUM,1,0,1,18,Graduate
878,0.10059523809523808,False,LOW,1,0,1,21,Graduate
879,0.2542813186813187,True,HIGH,1,0,1,19,Graduate
880,0.27563750000000004,True,HIGH,1,0,1,19,Dropout
881,0.14640357142857144,False,MEDIUM,1,0,1,20,Graduate
882,0.3887125,True,HIGH,1,0,1,47,Dropout
883,0.37250000000000005,True,HIGH,1,0,1,37,Dropout
884,0.09935089285714287,False,LOW,1,0,1,18,Graduate
885,0.20668333333333339,True,HIGH,1,0,0,44,Graduate
886,0.31,True,HIGH,1,0,1,34,Dropout
887,0.11007500000000002,False,MEDIUM,1,0,1,19,Graduate
888,0.37788750000000004,True,HIGH,1,0,0,39,Dropout
889,0.14909583333333332,False,MEDIUM,1,0,1,42,Enrolled
890,0.31067500000000003,True,HIGH,1,0,1,18,Dropout
891,0.4132689393939394,True,HIGH,1,1,1,21,Graduate
892,0.14820833333333333,False,MEDIUM,1,0,1,18,Enrolled
893,0.22510416666666666,True,HIGH,1,0,1,20,Enrolled
894,0.38283750000000005,True,HIGH,1,0,1,18,Dropout
895,0.3810875,True,HIGH,1,0,1,18,Enrolled
896,0.13357276785714287,False,MEDIUM,1,0,1,18,Graduate
897,0.09694444444444444,False,LOW,1,0,1,24,Graduate
898,0.12058035714285716,False,MEDIUM,1,0,1,18,Graduate
899,0.1063125,False,MEDIUM,1,0,1,19,Graduate
900,0.1477,False,MEDIUM,1,0,1,18,Dropout
901,0.5293749999999999,True,HIGH,0,1,1,34,Dropout
902,0.14940833333333334,False,MEDIUM,1,0,1,21,Enrolled
903,0.12330892857142856,False,MEDIUM,1,0,1,18,Graduate
904,0.40525000000000005,True,HIGH,1,0,1,34,Dropout
905,0.1280017857142857,False,MEDIUM,1,0,1,18,Graduate
906,0.204925,True,HIGH,1,0,1,20,Enrolled
907,0.11286249999999999,False,MEDIUM,1,0,1,21,Graduate
908,0.11448125,False,MEDIUM,1,0,1,18,Graduate
909,0.08495000000000001,False,LOW,1,0,1,43,Graduate
910,0.1214125,False,MEDIUM,1,0,1,19,Graduate
911,0.20055,True,HIGH,1,0,1,18,Graduate
912,0.3264285714285714,True,HIGH,1,0,1,36,Dropout
913,0.10543333333333332,False,LOW,1,0,1,20,Enrolled
914,0.37396250000000003,True,HIGH,1,0,1,19,Dropout
915,0.68025,True,HIGH,0,0,1,19,Dropout
916,0.10697916666666667,False,MEDIUM,1,0,1,18,Graduate
917,0.13241666666666668,False,MEDIUM,1,0,1,28,Graduate
918,0.14470089285714285,False,MEDIUM,1,0,1,32,Enrolled
919,0.18016666666666667,True,HIGH,1,0,1,18,Graduate
920,0.10584702380952381,False,LOW,1,0,1,20,Graduate
921,0.08513392857142858,False,LOW,1,0,1,23,Graduate
922,0.7073375000000001,True,HIGH,0,1,1,36,Dropout
923,0.13086309523809525,False,MEDIUM,1,0,1,18,Graduate
924,0.09845833333333333,False,LOW,1,0,1,20,Graduate
925,0.15175492424242426,True,HIGH,1,0,1,21,Dropout
926,0.12938928571428573,False,MEDIUM,1,0,1,19,Graduate
927,0.14208333333333334,False,MEDIUM,1,0,1,27,Graduate
928,0.34692083333333334,True,HIGH,1,0,1,23,Dropout
929,0.45758333333333334,True,HIGH,0,0,1,55,missing
930,0.14941666666666667,False,MEDIUM,1,0,1,19,Graduate
931,0.461,True,HIGH,1,1,1,18,Enrolled
932,0.12491666666666668,False,MEDIUM,1,0,1,18,Graduate
933,0.13502559523809526,False,MEDIUM,1,0,1,20,Dropout
934,0.135475,False,MEDIUM,1,0,1,19,Graduate
935,0.4942898809523809,True,HIGH,0,1,1,24,Dropout
936,0.15416666666666667,True,HIGH,1,0,0,33,Graduate
937,0.11181875000000001,False,MEDIUM,1,0,1,18,Graduate
938,0.37967500000000004,True,HIGH,1,0,0,32,Dropout
939,0.17256250000000004,True,HIGH,1,0,1,22,Enrolled
940,0.6875,True,HIGH,0,1,1,31,Dropout
941,0.11459384920634923,False,MEDIUM,1,0,0,37,Graduate
942,0.108425,False,MEDIUM,1,0,1,18,Graduate
943,0.4966125,True,HIGH,0,1,1,18,Dropout
944,0.44376666666666664,True,HIGH,0,1,1,18,Enrolled
945,0.1890138888888889,True,HIGH,1,0,1,24,Graduate
946,0.692975,True,HIGH,0,0,0,32,Dropout
947,0.4794333333333333,True,HIGH,0,0,1,18,Dropout
948,0.4427798573975044,True,HIGH,0,0,1,32,Dropout
949,0.36250000000000004,True,HIGH,1,0,1,20,Dropout
950,0.13287916666666666,False,MEDIUM,1,0,1,21,Graduate
951,0.21545833333333336,True,HIGH,1,0,1,18,Enrolled
952,0.40475000000000005,True,HIGH,1,0,1,32,Dropout
953,0.2004041666666667,True,HIGH,1,0,1,19,Enrolled
954,0.15958333333333335,True,HIGH,1,0,0,58,Graduate
955,0.15650000000000003,True,HIGH,1,0,1,20,Enrolled
956,0.16115000000000002,True,HIGH,1,0,1,39,Graduate
957,0.2725458333333334,True,HIGH,1,0,1,28,Dropout
958,0.665,True,HIGH,0,0,1,24,Dropout
959,0.38970000000000005,True,HIGH,1,0,1,28,Dropout
960,0.10863583916083919,False,MEDIUM,1,0,1,20,Graduate
961,0.13973392857142858,False,MEDIUM,1,0,1,19,Graduate
962,0.13617083333333332,False,MEDIUM,1,0,1,40,Enrolled
963,0.37223750000000005,True,HIGH,1,0,1,31,Dropout
964,0.11842738095238096,False,MEDIUM,1,0,1,18,Graduate
965,0.11005000000000001,False,MEDIUM,1,0,1,18,Graduate
966,0.17716666666666667,True,HIGH,1,0,1,20,Enrolled
967,0.1717625,True,HIGH,1,0,1,18,Enrolled
968,0.13262500000000002,False,MEDIUM,1,0,0,50,Graduate
969,0.1361577380952381,False,MEDIUM,1,0,1,18,Graduate
970,0.12963437500000002,False,MEDIUM,1,0,1,20,missing
971,0.17363333333333333,True,HIGH,1,0,1,21,Enrolled
972,0.3332625,True,HIGH,1,0,1,21,Dropout
973,0.5610375,True,HIGH,1,1,1,19,Dropout
974,0.10949345238095239,False,MEDIUM,1,0,1,18,Graduate
975,0.10660069444444445,False,MEDIUM,1,0,1,21,Graduate
976,0.12528571428571428,False,MEDIUM,1,0,1,19,Graduate
977,0.4730625,True,HIGH,0,0,1,25,Dropout
978,0.13212083333333333,False,MEDIUM,1,0,1,18,Enrolled
979,0.5645041666666666,True,HIGH,0,1,1,22,Dropout
980,0.09835000000000002,False,LOW,1,0,1,19,Graduate
981,0.37588750000000004,True,HIGH,1,0,1,19,Graduate
982,0.12641666666666668,False,MEDIUM,1,0,1,24,Enrolled
983,0.19458333333333333,True,HIGH,1,0,1,38,Enrolled
984,0.1196125,False,MEDIUM,1,0,1,20,Graduate
985,0.3298875,True,HIGH,1,0,1,18,Dropout
986,0.4113,True,HIGH,1,1,1,18,missing
987,0.12725,False,MEDIUM,1,0,1,18,Graduate
988,0.1565732142857143,True,HIGH,1,0,1,21,Enrolled
989,0.10421607142857142,False,LOW,1,0,1,18,Graduate
990,0.13469583333333332,False,MEDIUM,1,0,1,23,Dropout
991,0.13575,False,MEDIUM,1,0,1,18,Graduate
992,0.3913860805860806,True,HIGH,0,1,1,32,Graduate
993,0.13394226190476194,False,MEDIUM,1,0,1,20,Graduate
994,0.17287916666666667,True,HIGH,1,0,1,20,Graduate
995,0.12133333333333333,False,MEDIUM,1,0,1,21,Graduate
996,0.3936342787114846,True,HIGH,1,1,1,35,Dropout
997,0.5551624999999999,True,HIGH,0,1,1,20,Dropout
998,0.15161309523809524,True,HIGH,1,0,1,36,Graduate
999,0.10959305555555557,False,MEDIUM,1,0,1,18,Graduate
1000,0.3827500000000001,True,HIGH,1,0,1,19,Dropout
1001,0.1723625,True,HIGH,1,0,1,20,Graduate
1002,0.11309999999999999,False,MEDIUM,1,0,1,19,Graduate
1003,0.10536250000000001,False,LOW,1,0,1,18,Graduate
1004,0.18049583333333336,True,HIGH,1,0,1,24,Graduate
1005,0.6675,True,HIGH,0,0,0,37,Dropout
1006,0.15753214285714284,True,HIGH,1,0,1,18,Graduate
1007,0.5163,True,HIGH,0,0,1,27,Dropout
1008,0.14749583333333333,False,MEDIUM,1,0,1,20,Enrolled
1009,0.4868791666666667,True,HIGH,0,1,1,25,Dropout
1010,0.20252083333333334,True,HIGH,1,0,1,20,Enrolled
1011,0.18958750000000002,True,HIGH,1,0,1,20,Dropout
1012,0.2122333333333333,True,HIGH,1,0,1,18,Dropout
1013,0.15008333333333335,False,MEDIUM,1,0,1,18,Dropout
1014,0.42245714285714286,True,HIGH,1,0,1,19,Dropout
1015,0.11266666666666668,False,MEDIUM,1,0,0,20,Graduate
1016,0.15422500000000003,True,HIGH,1,0,1,18,Graduate
1017,0.2505875,True,HIGH,1,0,1,20,Dropout
1018,0.19575833333333334,True,HIGH,1,0,1,22,Dropout
1019,0.5344083333333334,True,HIGH,0,1,1,20,Dropout
1020,0.09750000000000002,False,LOW,1,0,0,34,Enrolled
1021,0.14433333333333334,False,MEDIUM,1,0,1,19,Graduate
1022,0.6696625,True,HIGH,0,1,1,19,Dropout
1023,0.37033750000000004,True,HIGH,1,0,1,21,Dropout
1024,0.5158416666666666,True,HIGH,0,1,1,20,Dropout
1025,0.37410000000000004,True,HIGH,1,0,1,20,Enrolled
1026,0.21895750000000003,True,HIGH,1,0,1,38,Enrolled
1027,0.15109464285714289,False,MEDIUM,1,0,1,18,Dropout
1028,0.37562500000000004,True,HIGH,1,0,1,22,Dropout
1029,0.1271363095238095,False,MEDIUM,1,0,1,20,Graduate
1030,0.2269625,True,HIGH,1,0,1,24,Enrolled
1031,0.10668273809523811,False,MEDIUM,1,0,1,20,Enrolled
1032,0.15500000000000003,True,HIGH,1,0,1,20,Enrolled
1033,0.5091208333333334,True,HIGH,1,1,1,19,Graduate
1034,0.11783571428571428,False,MEDIUM,1,0,1,19,Graduate
1035,0.36000000000000004,True,HIGH,1,0,0,27,Dropout
1036,0.11253571428571428,False,MEDIUM,1,0,1,29,Graduate
1037,0.30673750000000005,True,HIGH,1,0,1,21,missing
1038,0.37191250000000003,True,HIGH,1,0,1,20,Dropout
1039,0.13582857142857144,False,MEDIUM,1,0,1,18,Graduate
1040,0.5234208333333333,True,HIGH,1,1,1,20,Dropout
1041,0.1179125,False,MEDIUM,1,0,1,19,Graduate
1042,0.19717083333333332,True,HIGH,1,0,0,37,Dropout
1043,0.09116130952380955,False,LOW,1,0,1,25,Graduate
1044,0.08513403263403264,False,LOW,1,0,1,31,Graduate
1045,0.40303749999999994,True,HIGH,1,1,1,19,Graduate
1046,0.2104,True,HIGH,1,0,1,18,Enrolled
1047,0.12984375,False,MEDIUM,1,0,1,20,Graduate
1048,0.11370416666666668,False,MEDIUM,1,0,1,18,Graduate
1049,0.38212500000000005,True,HIGH,1,0,1,18,Graduate
1050,0.1123625,False,MEDIUM,1,0,1,18,Graduate
1051,0.13714464285714287,False,MEDIUM,1,0,1,18,Graduate
1052,0.18420238095238098,True,HIGH,1,0,1,34,Enrolled
1053,0.6725,True,HIGH,0,0,0,35,Dropout
1054,0.20822083333333335,True,HIGH,1,0,1,19,Graduate
1055,0.11268333333333334,False,MEDIUM,1,0,1,18,Graduate
1056,0.08373511904761906,False,LOW,1,0,1,20,Enrolled
1057,0.11067812499999999,False,MEDIUM,1,0,1,18,Graduate
1058,0.16827499999999998,True,HIGH,1,0,1,21,Dropout
1059,0.10684067599067601,False,MEDIUM,1,0,1,36,Graduate
1060,0.165,True,HIGH,1,0,1,41,Enrolled
1061,0.36500000000000005,True,HIGH,1,0,1,34,Dropout
1062,0.10668482142857144,False,MEDIUM,1,0,1,18,Graduate
1063,0.46043497474747475,True,HIGH,1,1,0,23,Enrolled
1064,0.6728124999999999,True,HIGH,0,1,0,32,Dropout
1065,0.16645,True,HIGH,1,0,1,19,Graduate
1066,0.6786375,True,HIGH,0,0,1,20,Dropout
1067,0.45866666666666667,True,HIGH,0,0,1,20,Enrolled
1068,0.157875,True,HIGH,1,0,1,20,Graduate
1069,0.10641369047619048,False,MEDIUM,1,0,1,18,Graduate
1070,0.14650000000000002,False,MEDIUM,1,0,1,19,Graduate
1071,0.12203333333333335,False,MEDIUM,1,0,0,23,Graduate
1072,0.11997916666666666,False,MEDIUM,1,0,1,20,Graduate
1073,0.7361053571428572,True,HIGH,1,1,1,24,missing
1074,0.1634125,True,HIGH,1,0,1,18,Enrolled
1075,0.6738625,True,HIGH,0,0,1,18,Dropout
1076,0.3790375,True,HIGH,1,0,1,19,Dropout
1077,0.15645833333333334,True,HIGH,1,0,0,41,Graduate
1078,0.1999666666666667,True,HIGH,1,0,1,18,Enrolled
1079,0.13506726190476193,False,MEDIUM,1,0,1,20,Graduate
1080,0.4982125,True,HIGH,1,1,1,18,Dropout
1081,0.13254166666666667,False,MEDIUM,1,0,1,20,Graduate
1082,0.09972916666666666,False,LOW,1,0,1,19,Graduate
1083,0.37126250000000005,True,HIGH,1,0,1,18,Enrolled
1084,0.17252500000000004,True,HIGH,1,0,1,20,Enrolled
1085,0.10628750000000001,False,MEDIUM,1,0,1,19,Graduate
1086,0.13588556547619046,False,MEDIUM,1,0,1,26,Dropout
1087,0.17716666666666667,True,HIGH,1,0,1,26,Enrolled
1088,0.1349875,False,MEDIUM,1,0,1,18,Graduate
1089,0.11651410256410258,False,MEDIUM,1,0,1,19,Graduate
1090,0.16087500000000002,True,HIGH,1,0,1,24,Enrolled
1091,0.16920000000000002,True,HIGH,1,0,1,25,Enrolled
1092,0.18223035714285712,True,HIGH,1,0,1,19,Enrolled
1093,0.4885916666666667,True,HIGH,0,1,1,19,Dropout
1094,0.14635535714285716,False,MEDIUM,1,0,1,19,Graduate
1095,0.38528750000000006,True,HIGH,1,0,1,20,Enrolled
1096,0.30708750000000007,True,HIGH,1,0,1,22,Dropout
1097,0.13451875000000002,False,MEDIUM,1,0,1,27,Graduate
1098,0.19566250000000002,True,HIGH,1,0,1,20,Enrolled
1099,0.43825000000000003,True,HIGH,1,1,1,30,missing
1100,0.37617500000000004,True,HIGH,1,0,1,19,Dropout
1101,0.1324125,False,MEDIUM,1,0,1,21,Graduate
1102,0.36083333333333334,True,HIGH,1,0,1,21,Enrolled
1103,0.36931250000000004,True,HIGH,1,0,1,33,Dropout
1104,0.1898416666666667,True,HIGH,1,0,1,18,Graduate
1105,0.5212839285714286,True,HIGH,1,0,1,27,Dropout
1106,0.09916666666666667,False,LOW,1,0,1,18,Enrolled
1107,0.18510714285714286,True,HIGH,1,0,1,36,Graduate
1108,0.19666666666666668,True,HIGH,1,0,1,24,Dropout
1109,0.7922375,True,HIGH,0,0,1,30,Dropout
1110,0.122475,False,MEDIUM,1,0,1,19,Enrolled
1111,0.13940833333333333,False,MEDIUM,1,0,1,18,Graduate
1112,0.68335,True,HIGH,0,1,1,18,Dropout
1113,0.13511785714285712,False,MEDIUM,1,0,1,18,Graduate
1114,0.331075,True,HIGH,1,0,1,19,Enrolled
1115,0.48541666666666666,True,HIGH,1,1,1,34,Graduate
1116,0.1511625,False,MEDIUM,1,0,1,18,Graduate
1117,0.105033125,False,LOW,1,0,1,19,Graduate
1118,0.10369861111111112,False,LOW,1,0,0,39,Graduate
1119,0.16274999999999998,True,HIGH,1,0,1,20,Enrolled
1120,0.10472554347826088,False,LOW,1,0,1,21,Graduate
1121,0.37860000000000005,True,HIGH,1,0,1,21,Graduate
1122,0.14821666666666666,False,MEDIUM,1,0,1,18,Enrolled
1123,0.12769642857142857,False,MEDIUM,1,0,1,19,Graduate
1124,0.11721666666666666,False,MEDIUM,1,0,1,19,Graduate
1125,0.6689625,True,HIGH,0,0,1,29,Dropout
1126,0.1520584595959596,True,HIGH,1,0,1,21,Graduate
1127,0.19927083333333337,True,HIGH,1,0,1,20,Enrolled
1128,0.4684875,True,HIGH,1,1,1,18,Dropout
1129,0.0883291666666667,False,LOW,1,0,1,21,Graduate
1130,0.44925,True,HIGH,1,1,0,35,Dropout
1131,0.6193791666666666,True,HIGH,0,1,1,27,Dropout
1132,0.12737820512820514,False,MEDIUM,1,0,1,54,Dropout
1133,0.14127559523809524,False,MEDIUM,1,0,1,19,Graduate
1134,0.3661125,True,HIGH,1,0,1,18,Dropout
1135,0.2004541666666667,True,HIGH,1,0,1,19,Enrolled
1136,0.20545833333333335,True,HIGH,1,0,1,19,Dropout
1137,0.13263750000000002,False,MEDIUM,1,0,1,19,Graduate
1138,0.15938333333333335,True,HIGH,1,0,1,18,Graduate
1139,0.20376249999999999,True,HIGH,1,0,0,39,Enrolled
1140,0.40396250000000006,True,HIGH,1,0,1,37,Dropout
1141,0.36750000000000005,True,HIGH,1,0,1,35,Dropout
1142,0.370875,True,HIGH,1,0,1,21,Dropout
1143,0.11126666666666668,False,MEDIUM,1,0,0,26,Graduate
1144,0.37086250000000004,True,HIGH,1,0,1,21,Dropout
1145,0.0940529761904762,False,LOW,1,0,1,18,Graduate
1146,0.11918750000000002,False,MEDIUM,1,0,1,18,Graduate
1147,0.4064875,True,HIGH,1,1,1,18,Graduate
1148,0.6771,True,HIGH,0,0,1,19,Dropout
1149,0.1404064393939394,False,MEDIUM,1,0,1,27,Dropout
1150,0.13137083333333333,False,MEDIUM,1,0,1,18,Graduate
1151,0.42747202380952376,True,HIGH,0,1,1,18,Dropout
1152,0.6702125,True,HIGH,1,1,1,30,Enrolled
1153,0.12111785714285715,False,MEDIUM,1,0,1,20,Graduate
1154,0.1283595238095238,False,MEDIUM,1,0,1,18,missing
1155,0.08622261904761905,False,LOW,1,0,0,45,Enrolled
1156,0.09369543650793649,False,LOW,1,0,1,20,Graduate
1157,0.11836250000000001,False,MEDIUM,1,0,1,18,Graduate
1158,0.17086249999999997,True,HIGH,1,0,1,19,Enrolled
1159,0.17897083333333336,True,HIGH,1,0,1,18,Enrolled
1160,0.36500000000000005,True,HIGH,1,0,1,26,Dropout
1161,0.23041666666666666,True,HIGH,1,0,0,37,Enrolled
1162,0.11592083333333335,False,MEDIUM,1,0,1,19,Graduate
1163,0.4713650793650794,True,HIGH,0,1,1,29,Dropout
1164,0.1660125,True,HIGH,1,0,1,19,Graduate
1165,0.11686875000000002,False,MEDIUM,1,0,1,18,Graduate
1166,0.40912500000000007,True,HIGH,1,0,1,36,Dropout
1167,0.15058749999999999,False,MEDIUM,1,0,0,48,Enrolled
1168,0.16303571428571428,True,HIGH,1,0,1,20,Enrolled
1169,0.373875,True,HIGH,1,0,1,19,Graduate
1170,0.15092045454545455,False,MEDIUM,1,0,1,23,Graduate
1171,0.11637678571428572,False,MEDIUM,1,0,1,20,Graduate
1172,0.6706625,True,HIGH,1,1,1,20,Dropout
1173,0.10769166666666666,False,MEDIUM,1,0,1,19,Graduate
1174,0.5372750000000001,True,HIGH,0,0,1,21,Dropout
1175,0.16763869047619046,True,HIGH,1,0,1,19,Enrolled
1176,0.13321428571428573,False,MEDIUM,1,0,1,21,Graduate
1177,0.184675,True,HIGH,1,0,1,17,Enrolled
1178,0.37740000000000007,True,HIGH,1,0,1,19,Graduate
1179,0.1604625,True,HIGH,1,0,1,18,Graduate
1180,0.12341607142857143,False,MEDIUM,1,0,1,19,Dropout
1181,0.09682321428571429,False,LOW,1,0,0,38,Dropout
1182,0.32458750000000003,True,HIGH,1,0,1,35,Dropout
1183,0.19897083333333335,True,HIGH,1,0,1,19,Enrolled
1184,0.12631785714285715,False,MEDIUM,1,0,1,18,Graduate
1185,0.1205044146825397,False,MEDIUM,1,0,1,19,Graduate
1186,0.3767125,True,HIGH,1,0,1,20,Dropout
1187,0.0985297619047619,False,LOW,1,0,1,18,Graduate
1188,0.1014,False,LOW,1,0,1,23,Graduate
1189,0.08485318627450983,False,LOW,1,0,1,25,Graduate
1190,0.10773750000000001,False,MEDIUM,1,0,1,20,Graduate
1191,0.6722375,True,HIGH,0,1,1,27,Dropout
1192,0.17323333333333332,True,HIGH,1,0,1,22,Enrolled
1193,0.152875,True,HIGH,1,0,0,41,Enrolled
1194,0.42446249999999996,True,HIGH,1,0,1,26,Dropout
1195,0.14456785714285716,False,MEDIUM,1,0,1,24,Graduate
1196,0.38590909090909087,True,HIGH,0,1,1,28,missing
1197,0.10649999999999998,False,MEDIUM,1,0,1,18,Graduate
1198,0.22492499999999999,True,HIGH,1,0,1,20,Enrolled
1199,0.16860833333333336,True,HIGH,1,0,1,18,Enrolled
1200,0.10503749999999999,False,LOW,1,0,1,18,Graduate
1201,0.5072916666666667,True,HIGH,0,1,1,29,Dropout
1202,0.5229166666666666,True,HIGH,0,0,0,26,Dropout
1203,0.4616875,True,HIGH,0,1,1,18,Dropout
1204,0.12401666666666666,False,MEDIUM,1,0,1,19,Graduate
1205,0.0842857142857143,False,LOW,1,0,1,22,Graduate
1206,0.106,False,MEDIUM,1,0,1,18,Graduate
1207,0.3531291666666667,True,HIGH,1,0,1,26,Dropout
1208,0.6725,True,HIGH,0,0,0,25,Dropout
1209,0.1647916666666667,True,HIGH,1,0,1,18,Dropout
1210,0.377425,True,HIGH,1,0,1,18,Graduate
1211,0.40958750000000005,True,HIGH,1,0,1,20,Dropout
1212,0.218725,True,HIGH,1,0,1,23,Dropout
1213,0.11685,False,MEDIUM,1,0,1,18,Graduate
1214,0.139375,False,MEDIUM,1,0,1,18,Graduate
1215,0.16798333333333335,True,HIGH,1,0,1,48,Dropout
1216,0.13701785714285714,False,MEDIUM,1,0,1,18,Graduate
1217,0.12225059523809526,False,MEDIUM,1,0,1,18,Graduate
1218,0.4561125,True,HIGH,1,0,1,35,Dropout
1219,0.11257662337662339,False,MEDIUM,1,0,1,19,Graduate
1220,0.10004062500000001,False,LOW,1,0,1,18,Graduate
1221,0.10997500000000002,False,MEDIUM,1,0,1,18,Graduate
1222,0.21864166666666665,True,HIGH,1,0,1,18,Dropout
1223,0.16720416666666665,True,HIGH,1,0,1,18,Enrolled
1224,0.13711785714285712,False,MEDIUM,1,0,1,19,Graduate
1225,0.4908863095238095,True,HIGH,0,1,1,18,Dropout
1226,0.0829375,False,LOW,1,0,1,19,Graduate
1227,0.3057,True,HIGH,1,0,1,19,Dropout
1228,0.13044047619047622,False,MEDIUM,1,0,1,19,Graduate
1229,0.38270000000000004,True,HIGH,1,0,1,30,Dropout
1230,0.11232500000000001,False,MEDIUM,1,0,1,18,Graduate
1231,0.12337053571428572,False,MEDIUM,1,0,1,18,Graduate
1232,0.6835,True,HIGH,0,1,1,23,Dropout
1233,0.17180833333333334,True,HIGH,1,0,1,19,Enrolled
1234,0.3906875,True,HIGH,1,0,1,27,Dropout
1235,0.16589107142857143,True,HIGH,1,0,1,24,Graduate
1236,0.148125,False,MEDIUM,1,0,1,20,Graduate
1237,0.476575,True,HIGH,1,1,1,19,Graduate
1238,0.1330625,False,MEDIUM,1,0,1,18,Graduate
1239,0.44650039682539683,True,HIGH,1,1,0,24,Enrolled
1240,0.15650833333333336,True,HIGH,1,0,1,19,Graduate
1241,0.09501527777777777,False,LOW,1,0,1,18,missing
1242,0.09614107142857142,False,LOW,1,0,1,32,Graduate
1243,0.15981250000000002,True,HIGH,1,0,0,26,Enrolled
1244,0.09352500000000002,False,LOW,1,0,1,19,Graduate
1245,0.13109642857142859,False,MEDIUM,1,0,1,19,Graduate
1246,0.37188750000000004,True,HIGH,1,0,1,24,Dropout
1247,0.13416428571428574,False,MEDIUM,1,0,1,20,Graduate
1248,0.12819880952380952,False,MEDIUM,1,0,1,23,Graduate
1249,0.152325,True,HIGH,1,0,1,21,missing
1250,0.4201375,True,HIGH,1,0,1,19,Dropout
1251,0.38007500000000005,True,HIGH,1,0,1,19,Dropout
1252,0.1642541666666667,True,HIGH,1,0,1,18,Enrolled
1253,0.1330125,False,MEDIUM,1,0,1,18,Graduate
1254,0.09004061771561772,False,LOW,1,0,0,25,Graduate
1255,0.6747624999999999,True,HIGH,0,0,0,49,Dropout
1256,0.4132986111111111,True,HIGH,1,1,1,18,Graduate
1257,0.12450000000000001,False,MEDIUM,1,0,1,41,Graduate
1258,0.12950089285714286,False,MEDIUM,1,0,1,19,Enrolled
1259,0.35104583333333333,True,HIGH,1,0,1,30,Dropout
1260,0.13512420634920635,False,MEDIUM,1,0,1,20,Enrolled
1261,0.37655476190476195,True,HIGH,1,1,0,20,Graduate
1262,0.11607142857142858,False,MEDIUM,1,0,1,27,Enrolled
1263,0.2479166666666667,True,HIGH,1,0,1,24,Dropout
1264,0.129675,False,MEDIUM,1,0,0,46,Graduate
1265,0.11496428571428573,False,MEDIUM,1,0,1,29,Graduate
1266,0.39030000000000004,True,HIGH,1,0,1,20,Enrolled
1267,0.08801547619047621,False,LOW,1,0,1,18,Graduate
1268,0.6781625,True,HIGH,0,0,1,20,Dropout
1269,0.1875666666666667,True,HIGH,1,0,1,21,Graduate
1270,0.22419166666666665,True,HIGH,1,0,1,21,Enrolled
1271,0.393075,True,HIGH,1,0,0,41,Dropout
1272,0.13545416666666665,False,MEDIUM,1,0,1,33,Graduate
1273,0.40126623376623377,True,HIGH,1,1,1,41,Enrolled
1274,0.34500000000000003,True,HIGH,1,0,1,33,Enrolled
1275,0.5604625,True,HIGH,0,0,1,20,Dropout
1276,0.172125,True,HIGH,1,0,1,25,Graduate
1277,0.1494375,False,MEDIUM,1,0,1,19,Graduate
1278,0.330625,True,HIGH,1,0,1,19,Enrolled
1279,0.6912499999999999,True,HIGH,0,0,1,37,Dropout
1280,0.11450178571428572,False,MEDIUM,1,0,1,21,Graduate
1281,0.12501071428571428,False,MEDIUM,1,0,0,28,Dropout
1282,0.165,True,HIGH,1,0,1,26,Enrolled
1283,0.11506249999999998,False,MEDIUM,1,0,1,19,Graduate
1284,0.17595833333333333,True,HIGH,1,0,0,24,Dropout
1285,0.1874791666666667,True,HIGH,1,0,1,19,Enrolled
1286,0.19018035714285716,True,HIGH,1,0,1,39,Enrolled
1287,0.19495833333333334,True,HIGH,1,0,1,33,Enrolled
1288,0.08217519841269844,False,LOW,1,0,1,19,Graduate
1289,0.3286375,True,HIGH,1,0,1,20,Dropout
1290,0.12659017857142857,False,MEDIUM,1,0,1,20,Graduate
1291,0.11373333333333335,False,MEDIUM,1,0,1,18,Graduate
1292,0.1315018315018315,False,MEDIUM,1,0,1,23,Graduate
1293,0.11573630952380952,False,MEDIUM,1,0,1,24,Graduate
1294,0.11164880952380954,False,MEDIUM,1,0,0,33,missing
1295,0.17186944444444444,True,HIGH,1,0,1,32,Graduate
1296,0.18499285714285713,True,HIGH,1,0,1,33,Graduate
1297,0.668875,True,HIGH,0,0,1,20,Dropout
1298,0.12761964285714286,False,MEDIUM,1,0,1,18,Graduate
1299,0.09831696428571429,False,LOW,1,0,1,18,Graduate
1300,0.1956125,True,HIGH,1,0,1,24,Graduate
1301,0.1626434523809524,True,HIGH,1,0,1,20,Dropout
1302,0.11282528305028305,False,MEDIUM,1,0,1,31,Dropout
1303,0.11606666666666668,False,MEDIUM,1,0,1,21,Graduate
1304,0.19937916666666666,True,HIGH,1,0,1,28,Dropout
1305,0.19493333333333335,True,HIGH,1,0,1,20,Enrolled
1306,0.18966249999999996,True,HIGH,1,0,1,20,Graduate
1307,0.09888055555555558,False,LOW,1,0,1,21,Graduate
1308,0.15734583333333332,True,HIGH,1,0,1,23,Graduate
1309,0.15408750000000002,True,HIGH,1,0,1,19,Graduate
1310,0.10245,False,LOW,1,0,1,18,Dropout
1311,0.12636250000000002,False,MEDIUM,1,0,1,19,Enrolled
1312,0.12849583333333334,False,MEDIUM,1,0,1,18,Graduate
1313,0.200175,True,HIGH,1,0,1,21,Enrolled
1314,0.6761375000000001,True,HIGH,0,1,1,24,Dropout
1315,0.36750000000000005,True,HIGH,1,0,1,25,Dropout
1316,0.15401442307692306,True,HIGH,1,0,0,29,missing
1317,0.14550000000000002,False,MEDIUM,1,0,1,19,Enrolled
1318,0.6422083333333334,True,HIGH,1,1,1,20,Dropout
1319,0.1271877976190476,False,MEDIUM,1,0,1,18,Graduate
1320,0.40558571428571427,True,HIGH,1,1,1,24,Graduate
1321,0.09262820512820512,False,LOW,1,0,1,21,Graduate
1322,0.10626964285714287,False,MEDIUM,1,0,0,28,Graduate
1323,0.11543452380952382,False,MEDIUM,1,0,1,33,Dropout
1324,0.13479642857142857,False,MEDIUM,1,0,1,19,Graduate
1325,0.38378750000000006,True,HIGH,1,0,1,18,Graduate
1326,0.6104166666666667,True,HIGH,0,1,1,53,Dropout
1327,0.4088958333333333,True,HIGH,0,0,1,18,Graduate
1328,0.1120357142857143,False,MEDIUM,1,0,1,18,Graduate
1329,0.37325,True,HIGH,1,0,1,20,Dropout
1330,0.061766987179487184,False,LOW,1,0,1,23,Graduate
1331,0.12843003246753248,False,MEDIUM,1,0,1,19,Graduate
1332,0.3593875,True,HIGH,1,0,1,20,Dropout
1333,0.12849166666666667,False,MEDIUM,1,0,1,18,Graduate
1334,0.11978749999999999,False,MEDIUM,1,0,1,24,Graduate
1335,0.5052964285714285,True,HIGH,0,1,1,24,Dropout
1336,0.12415833333333334,False,MEDIUM,1,0,1,19,Graduate
1337,0.4215,True,HIGH,1,1,1,20,Graduate
1338,0.1856416666666667,True,HIGH,1,0,1,19,Enrolled
1339,0.37625000000000003,True,HIGH,1,0,1,25,Dropout
1340,0.1982916666666667,True,HIGH,1,0,0,31,Dropout
1341,0.6258333333333332,True,HIGH,0,0,0,28,Dropout
1342,0.1308214285714286,False,MEDIUM,1,0,1,19,Graduate
1343,0.19786666666666666,True,HIGH,1,0,1,18,Enrolled
1344,0.6977125000000001,True,HIGH,0,0,1,53,Dropout
1345,0.464325,True,HIGH,1,1,1,18,Enrolled
1346,0.2923416666666667,True,HIGH,1,0,1,39,Enrolled
1347,0.3048666666666666,True,HIGH,1,0,1,22,Enrolled
1348,0.12942142857142858,False,MEDIUM,1,0,1,18,Graduate
1349,0.37875000000000003,True,HIGH,1,0,1,25,Dropout
1350,0.102,False,LOW,1,0,1,21,Graduate
1351,0.66,True,HIGH,1,1,1,21,Dropout
1352,0.21755,True,HIGH,1,0,1,19,Enrolled
1353,0.37474999999999997,True,HIGH,1,0,1,18,Dropout
1354,0.10693154761904762,False,MEDIUM,1,0,1,21,Graduate
1355,0.37521250000000006,True,HIGH,1,0,1,20,Dropout
1356,0.2333041666666667,True,HIGH,1,0,1,19,Dropout
1357,0.10298035714285714,False,LOW,1,0,1,20,Dropout
1358,0.13085000000000002,False,MEDIUM,1,0,1,19,Enrolled
1359,0.30813750000000006,True,HIGH,1,0,1,22,Dropout
1360,0.2721,True,HIGH,1,0,1,20,Enrolled
1361,0.20105833333333337,True,HIGH,1,0,1,19,Enrolled
1362,0.09143538961038962,False,LOW,1,0,1,18,Graduate
1363,0.1782166666666667,True,HIGH,1,0,1,18,Dropout
1364,0.1942125,True,HIGH,1,0,1,20,Enrolled
1365,0.6678958333333334,True,HIGH,0,1,1,50,Dropout
1366,0.4828375,True,HIGH,0,0,1,19,Dropout
1367,0.10557083333333334,False,LOW,1,0,1,19,Dropout
1368,0.146475,False,MEDIUM,1,0,1,18,Graduate
1369,0.18129166666666666,True,HIGH,1,0,1,20,Graduate
1370,0.36500000000000005,True,HIGH,1,0,1,23,Dropout
1371,0.13256964285714284,False,MEDIUM,1,0,1,20,Graduate
1372,0.14075000000000001,False,MEDIUM,1,0,1,18,Graduate
1373,0.6707000000000001,True,HIGH,0,0,1,20,Dropout
1374,0.17946666666666666,True,HIGH,1,0,1,19,Dropout
1375,0.31625416666666667,True,HIGH,1,0,1,18,Dropout
1376,0.44249166666666667,True,HIGH,0,1,1,20,Dropout
1377,0.13072916666666667,False,MEDIUM,1,0,1,19,Graduate
1378,0.12115000000000001,False,MEDIUM,1,0,1,18,Graduate
1379,0.07291325757575759,False,LOW,1,0,1,21,Graduate
1380,0.1456547619047619,False,MEDIUM,1,0,1,21,Enrolled
1381,0.14625833333333332,False,MEDIUM,1,0,1,18,Enrolled
1382,0.11525416666666669,False,MEDIUM,1,0,1,19,Graduate
1383,0.10339166666666667,False,LOW,1,0,1,18,Graduate
1384,0.4443125,True,HIGH,1,1,1,18,Graduate
1385,0.09836666666666667,False,LOW,1,0,1,19,Graduate
1386,0.41400000000000003,True,HIGH,1,0,0,24,Dropout
1387,0.1541666666666667,True,HIGH,1,0,1,20,Enrolled
1388,0.231375,True,HIGH,1,0,0,26,Enrolled
1389,0.36250000000000004,True,HIGH,1,0,1,35,Dropout
1390,0.10712916666666668,False,MEDIUM,1,0,1,18,Graduate
1391,0.1507,False,MEDIUM,1,0,0,29,Enrolled
1392,0.10375416666666666,False,LOW,1,0,1,20,Enrolled
1393,0.37317500000000003,True,HIGH,1,0,1,19,Graduate
1394,0.10904166666666668,False,MEDIUM,1,0,1,20,Graduate
1395,0.1825041666666667,True,HIGH,1,0,1,59,Graduate
1396,0.11000000000000001,False,MEDIUM,1,0,1,19,Graduate
1397,0.6675,True,HIGH,0,0,1,18,Dropout
1398,0.6718875,True,HIGH,0,0,1,27,Dropout
1399,0.38228750000000006,True,HIGH,1,0,1,19,Dropout
1400,0.13752916666666667,False,MEDIUM,1,0,1,19,Graduate
1401,0.42843809523809523,True,HIGH,0,0,1,18,Enrolled
1402,0.12110833333333335,False,MEDIUM,1,0,1,19,Graduate
1403,0.36742500000000006,True,HIGH,1,0,1,18,Graduate
1404,0.2432725,True,HIGH,1,0,1,19,Enrolled
1405,0.14302083333333335,False,MEDIUM,1,0,1,18,Graduate
1406,0.15665833333333334,True,HIGH,1,0,1,20,Enrolled
1407,0.156675,True,HIGH,1,0,1,19,Enrolled
1408,0.10434553571428573,False,LOW,1,0,1,18,Graduate
1409,0.13409107142857143,False,MEDIUM,1,0,1,19,Graduate
1410,0.0782193181818182,False,LOW,1,0,1,20,Graduate
1411,0.2041125,True,HIGH,1,0,1,22,Enrolled
1412,0.11174553571428572,False,MEDIUM,1,0,1,18,Graduate
1413,0.09699955357142857,False,LOW,1,0,1,18,Graduate
1414,0.1223075892857143,False,MEDIUM,1,0,1,19,Graduate
1415,0.40546250000000006,True,HIGH,1,0,0,28,Dropout
1416,0.08056309523809527,False,LOW,1,0,1,21,Graduate
1417,0.421775,True,HIGH,1,0,0,29,Dropout
1418,0.10502500000000001,False,LOW,1,0,1,20,Graduate
1419,0.3613923076923077,True,HIGH,0,1,1,42,Dropout
1420,0.1248482142857143,False,MEDIUM,1,0,1,19,Graduate
1421,0.11685,False,MEDIUM,1,0,1,20,Graduate
1422,0.15583333333333338,True,HIGH,1,0,1,25,Enrolled
1423,0.39625000000000005,True,HIGH,1,0,1,25,Dropout
1424,0.32072500000000004,True,HIGH,1,0,1,18,Enrolled
1425,0.14217261904761905,False,MEDIUM,1,0,1,21,Graduate
1426,0.12512916666666665,False,MEDIUM,1,0,1,19,Graduate
1427,0.155,True,HIGH,1,0,0,49,Graduate
1428,0.36887500000000006,True,HIGH,1,0,1,18,Graduate
1429,0.12970238095238096,False,MEDIUM,1,0,1,20,Graduate
1430,0.6233333333333334,True,HIGH,0,0,1,30,Dropout
1431,0.09435871212121213,False,LOW,1,0,1,19,Enrolled
1432,0.43548333333333333,True,HIGH,0,1,1,21,Dropout
1433,0.233525,True,HIGH,1,0,1,25,Enrolled
1434,0.379825,True,HIGH,1,0,1,20,Dropout
1435,0.2008625,True,HIGH,1,0,1,20,Enrolled
1436,0.16553928571428572,True,HIGH,1,0,1,26,Enrolled
1437,0.12855178571428574,False,MEDIUM,1,0,1,24,Graduate
1438,0.36845000000000006,True,HIGH,1,0,1,19,Graduate
1439,0.11912500000000001,False,MEDIUM,1,0,1,19,Graduate
1440,0.1470732142857143,False,MEDIUM,1,0,1,19,Graduate
1441,0.51595,True,HIGH,0,0,1,20,Dropout
1442,0.1113916666666667,False,MEDIUM,1,0,0,40,Graduate
1443,0.15066250000000003,False,MEDIUM,1,0,1,19,Enrolled
1444,0.671025,True,HIGH,0,1,1,20,Dropout
1445,0.06616495098039217,False,LOW,1,0,1,21,Graduate
1446,0.4497291666666667,True,HIGH,1,1,0,22,Graduate
1447,0.0974220238095238,False,LOW,1,0,1,18,Graduate
1448,0.09929166666666668,False,LOW,1,0,1,19,Graduate
1449,0.11754464285714286,False,MEDIUM,1,0,1,53,Graduate
1450,0.0943791666666667,False,LOW,1,0,1,18,Graduate
1451,0.10024166666666667,False,LOW,1,0,1,20,Graduate
1452,0.11759166666666666,False,MEDIUM,1,0,0,19,Graduate
1453,0.12430833333333333,False,MEDIUM,1,0,1,18,Graduate
1454,0.37325,True,HIGH,1,0,1,22,Graduate
1455,0.11694464285714287,False,MEDIUM,1,0,0,35,Graduate
1456,0.1235375,False,MEDIUM,1,0,1,18,Graduate
1457,0.10966071428571429,False,MEDIUM,1,0,1,18,Dropout
1458,0.14800331196581198,False,MEDIUM,1,0,1,24,Dropout
1459,0.14734428571428573,False,MEDIUM,1,0,1,22,Graduate
1460,0.4620303571428571,True,HIGH,1,1,1,30,Enrolled
1461,0.21750416666666667,True,HIGH,1,0,1,23,missing
1462,0.38062500000000005,True,HIGH,1,0,1,23,missing
1463,0.19384326923076922,True,HIGH,1,0,1,19,Graduate
1464,0.17250416666666665,True,HIGH,1,0,0,37,Dropout
1465,0.19020833333333334,True,HIGH,1,0,1,34,Graduate
1466,0.11490416666666665,False,MEDIUM,1,0,1,18,Graduate
1467,0.10550416666666668,False,LOW,1,0,1,18,Graduate
1468,0.431475,True,HIGH,0,0,1,18,Enrolled
1469,0.41536488095238094,True,HIGH,1,1,1,19,Graduate
1470,0.19770833333333335,True,HIGH,1,0,1,20,Enrolled
1471,0.11087738095238094,False,MEDIUM,1,0,1,19,missing
1472,0.37270000000000003,True,HIGH,1,0,0,29,Enrolled
1473,0.17351250000000001,True,HIGH,1,0,1,23,Dropout
1474,0.15508333333333335,True,HIGH,1,0,1,21,missing
1475,0.10949583333333333,False,MEDIUM,1,0,0,25,Graduate
1476,0.14502678571428573,False,MEDIUM,1,0,1,19,Graduate
1477,0.3732375,True,HIGH,1,0,1,18,Enrolled
1478,0.11674097222222221,False,MEDIUM,1,0,1,19,Graduate
1479,0.09546666666666666,False,LOW,1,0,1,19,Graduate
1480,0.1595125,True,HIGH,1,0,0,21,Enrolled
1481,0.3691625,True,HIGH,1,0,1,18,Dropout
1482,0.12267083333333333,False,MEDIUM,1,0,1,19,Graduate
1483,0.10727500000000001,False,MEDIUM,1,0,1,18,Graduate
1484,0.2810892857142857,True,HIGH,1,0,1,31,Dropout
1485,0.14140476190476192,False,MEDIUM,1,0,1,19,Graduate
1486,0.27125,True,HIGH,1,0,1,23,Enrolled
1487,0.1704166666666667,True,HIGH,1,0,1,21,Enrolled
1488,0.2829583333333333,True,HIGH,1,0,1,25,Enrolled
1489,0.3067125,True,HIGH,1,0,1,31,Dropout
1490,0.7144750000000001,True,HIGH,0,0,1,49,Dropout
1491,0.10938035714285714,False,MEDIUM,1,0,1,20,Graduate
1492,0.13477738095238095,False,MEDIUM,1,0,1,23,Graduate
1493,0.13484583333333333,False,MEDIUM,1,0,1,19,Graduate
1494,0.41273750000000003,True,HIGH,1,1,1,41,Enrolled
1495,0.37000000000000005,True,HIGH,1,0,0,33,Dropout
1496,0.2911666666666667,True,HIGH,1,0,1,20,Enrolled
1497,0.1361107142857143,False,MEDIUM,1,0,1,19,Graduate
1498,0.181039880952381,True,HIGH,1,0,1,22,missing
1499,0.24029285714285717,True,HIGH,1,0,1,25,Dropout
1500,0.3363083333333333,True,HIGH,1,0,1,20,Dropout
1501,0.30228750000000004,True,HIGH,1,0,1,18,Dropout
1502,0.338325,True,HIGH,1,0,1,19,Enrolled
1503,0.10914166666666665,False,MEDIUM,1,0,1,20,Graduate
1504,0.11688125,False,MEDIUM,1,0,1,18,Graduate
1505,0.11979166666666666,False,MEDIUM,1,0,1,18,Graduate
1506,0.6205041666666666,True,HIGH,1,1,1,19,Dropout
1507,0.15090952380952383,False,MEDIUM,1,0,1,20,Enrolled
1508,0.13273749999999998,False,MEDIUM,1,0,1,19,Enrolled
1509,0.37715000000000004,True,HIGH,1,0,1,26,Dropout
1510,0.3350666666666667,True,HIGH,1,0,1,39,Dropout
1511,0.21323928571428571,True,HIGH,1,0,1,36,Dropout
1512,0.37363750000000007,True,HIGH,1,0,1,19,Graduate
1513,0.376875,True,HIGH,1,0,0,26,Dropout
1514,0.5559999999999999,True,HIGH,1,1,1,45,Dropout
1515,0.10859285714285716,False,MEDIUM,1,0,1,19,Graduate
1516,0.14668928571428572,False,MEDIUM,1,0,1,18,Graduate
1517,0.39172954545454547,True,HIGH,1,1,1,20,Graduate
1518,0.182125,True,HIGH,1,0,0,54,Dropout
1519,0.16855119047619052,True,HIGH,1,0,1,19,Enrolled
1520,0.17336249999999997,True,HIGH,1,0,1,21,Enrolled
1521,0.1257897727272727,False,MEDIUM,1,0,0,38,missing
1522,0.38146250000000004,True,HIGH,1,0,1,25,Dropout
1523,0.11548333333333333,False,MEDIUM,1,0,1,20,Graduate
1524,0.10536666666666666,False,LOW,1,0,1,18,Dropout
1525,0.5496749999999999,True,HIGH,1,1,0,33,Dropout
1526,0.15959583333333335,True,HIGH,1,0,0,30,Enrolled
1527,0.4241666666666667,True,HIGH,0,1,1,34,Enrolled
1528,0.37141250000000003,True,HIGH,1,0,1,19,Dropout
1529,0.10785039682539682,False,MEDIUM,1,0,1,19,Graduate
1530,0.14415,False,MEDIUM,1,0,0,32,Graduate
1531,0.08880593262946206,False,LOW,1,0,1,28,missing
1532,0.10824583333333335,False,MEDIUM,1,0,1,19,Graduate
1533,0.37875000000000003,True,HIGH,1,0,1,18,Enrolled
1534,0.16857916666666667,True,HIGH,1,0,0,32,Dropout
1535,0.19520833333333334,True,HIGH,1,0,1,18,Dropout
1536,0.36675,True,HIGH,1,0,1,18,Enrolled
1537,0.21792500000000004,True,HIGH,1,0,0,27,Graduate
1538,0.13570357142857142,False,MEDIUM,1,0,1,18,Graduate
1539,0.1011125,False,LOW,1,0,1,18,Graduate
1540,0.3837125,True,HIGH,1,0,1,19,Dropout
1541,0.20135000000000003,True,HIGH,1,0,1,18,Dropout
1542,0.1294464285714286,False,MEDIUM,1,0,1,18,Graduate
1543,0.05226388888888891,False,LOW,1,0,1,24,Graduate
1544,0.10957380952380953,False,MEDIUM,1,0,1,18,Graduate
1545,0.12586607142857142,False,MEDIUM,1,0,1,19,Graduate
1546,0.11633333333333333,False,MEDIUM,1,0,1,20,Enrolled
1547,0.6625,True,HIGH,0,0,1,22,Dropout
1548,0.16880357142857144,True,HIGH,1,0,1,21,Enrolled
1549,0.14429583333333335,False,MEDIUM,1,0,1,21,Dropout
1550,0.6925,True,HIGH,1,1,1,24,Dropout
1551,0.4319958333333333,True,HIGH,0,1,1,23,Enrolled
1552,0.22042083333333334,True,HIGH,1,0,1,21,Enrolled
1553,0.15035833333333337,False,MEDIUM,1,0,1,19,Graduate
1554,0.10829375000000001,False,MEDIUM,1,0,1,19,Graduate
1555,0.35433333333333333,True,HIGH,1,0,0,24,Dropout
1556,0.22985833333333333,True,HIGH,1,0,1,20,Enrolled
1557,0.3820875,True,HIGH,1,0,1,18,Enrolled
1558,0.13610833333333333,False,MEDIUM,1,0,1,19,Enrolled
1559,0.3475,True,HIGH,1,0,0,34,Dropout
1560,0.10947222222222223,False,MEDIUM,1,0,1,19,Graduate
1561,0.15091249999999998,False,MEDIUM,1,0,1,18,Graduate
1562,0.38472500000000004,True,HIGH,1,0,1,21,Dropout
1563,0.20559583333333334,True,HIGH,1,0,1,36,Dropout
1564,0.12491666666666668,False,MEDIUM,1,0,1,19,Graduate
1565,0.4970833333333334,True,HIGH,1,1,1,32,Dropout
1566,0.10965833333333334,False,MEDIUM,1,0,1,20,Graduate
1567,0.37902500000000006,True,HIGH,1,0,1,19,Dropout
1568,0.08001623376623376,False,LOW,1,0,1,36,Graduate
1569,0.6848375,True,HIGH,1,1,1,19,missing
1570,0.38293750000000004,True,HIGH,1,0,1,36,Dropout
1571,0.616075,True,HIGH,0,1,1,24,Dropout
1572,0.12136250000000001,False,MEDIUM,1,0,1,20,Enrolled
1573,0.10598455710955712,False,LOW,1,0,1,34,Graduate
1574,0.14380357142857142,False,MEDIUM,1,0,1,18,Graduate
1575,0.34225000000000005,True,HIGH,1,0,1,28,Dropout
1576,0.12867633928571431,False,MEDIUM,1,0,1,19,Graduate
1577,0.13352976190476193,False,MEDIUM,1,0,1,18,Graduate
1578,0.05982930161943321,False,LOW,1,0,1,41,Graduate
1579,0.22937500000000005,True,HIGH,1,0,1,30,Dropout
1580,0.07989393939393939,False,LOW,1,0,1,33,Graduate
1581,0.12833928571428574,False,MEDIUM,1,0,1,18,Graduate
1582,0.11562619047619048,False,MEDIUM,1,0,1,20,Graduate
1583,0.45162916666666664,True,HIGH,1,1,1,18,Graduate
1584,0.36450000000000005,True,HIGH,1,0,1,18,Graduate
1585,0.15784583333333335,True,HIGH,1,0,1,19,Graduate
1586,0.14655,False,MEDIUM,1,0,1,19,Graduate
1587,0.11045625,False,MEDIUM,1,0,1,19,Graduate
1588,0.08186439393939393,False,LOW,1,0,1,21,Graduate
1589,0.2148875,True,HIGH,1,0,1,18,Dropout
1590,0.11207251082251084,False,MEDIUM,1,0,0,34,Graduate
1591,0.12687083333333335,False,MEDIUM,1,0,1,18,Graduate
1592,0.15889464285714286,True,HIGH,1,0,1,20,Enrolled
1593,0.11805833333333332,False,MEDIUM,1,0,1,18,Graduate
1594,0.2831053571428571,True,HIGH,1,0,0,47,Dropout
1595,0.6727625,True,HIGH,0,1,1,32,Dropout
1596,0.18267083333333334,True,HIGH,1,0,0,46,Graduate
1597,0.10515238095238097,False,LOW,1,0,1,18,Graduate
1598,0.10571250000000001,False,LOW,1,0,1,19,Graduate
1599,0.1707125,True,HIGH,1,0,1,20,missing
1600,0.14194583333333333,False,MEDIUM,1,0,1,19,Enrolled
1601,0.40447083333333333,True,HIGH,1,1,1,19,Graduate
1602,0.14723809523809522,False,MEDIUM,1,0,1,23,Dropout
1603,0.16177738095238095,True,HIGH,1,0,1,18,Enrolled
1604,0.18147142857142856,True,HIGH,1,0,1,26,Enrolled
1605,0.2376625,True,HIGH,1,0,1,19,Enrolled
1606,0.6911875000000001,True,HIGH,0,0,1,49,Dropout
1607,0.4311999999999999,True,HIGH,1,0,1,26,Enrolled
1608,0.27317500000000006,True,HIGH,1,0,1,18,Dropout
1609,0.13460000000000003,False,MEDIUM,1,0,1,21,Graduate
1610,0.1307125,False,MEDIUM,1,0,1,22,Graduate
1611,0.41087500000000005,True,HIGH,1,0,1,26,Dropout
1612,0.4054458333333333,True,HIGH,0,0,1,29,Dropout
1613,0.10154642857142859,False,LOW,1,0,1,19,Graduate
1614,0.13980178571428573,False,MEDIUM,1,0,1,18,Graduate
1615,0.09804583333333333,False,LOW,1,0,1,18,Graduate
1616,0.3054166666666667,True,HIGH,1,0,1,31,Dropout
1617,0.09159226190476191,False,LOW,1,0,1,20,Graduate
1618,0.1972916666666667,True,HIGH,1,0,1,22,Enrolled
1619,0.20584940476190478,True,HIGH,1,0,1,20,Enrolled
1620,0.11666666666666665,False,MEDIUM,1,0,1,19,Graduate
1621,0.110175,False,MEDIUM,1,0,1,24,missing
1622,0.103815286377709,False,LOW,1,0,1,28,Graduate
1623,0.32835833333333336,True,HIGH,1,0,1,18,Enrolled
1624,0.1380625,False,MEDIUM,1,0,1,20,Graduate
1625,0.15265833333333334,True,HIGH,1,0,1,18,Graduate
1626,0.11467083333333333,False,MEDIUM,1,0,1,19,Graduate
1627,0.1825142857142857,True,HIGH,1,0,1,19,Enrolled
1628,0.13298392857142857,False,MEDIUM,1,0,1,19,Graduate
1629,0.08791666666666667,False,LOW,1,0,1,34,Graduate
1630,0.665,True,HIGH,0,0,1,34,Dropout
1631,0.1925,True,HIGH,1,0,1,35,Dropout
1632,0.16641488095238094,True,HIGH,1,0,1,25,Enrolled
1633,0.11967559523809523,False,MEDIUM,1,0,1,24,Enrolled
1634,0.1135,False,MEDIUM,1,0,1,19,Graduate
1635,0.42476250000000004,True,HIGH,1,0,0,59,Dropout
1636,0.4362916666666667,True,HIGH,1,1,1,27,Enrolled
1637,0.10512083333333333,False,LOW,1,0,1,18,Graduate
1638,0.48159285714285716,True,HIGH,0,1,1,31,missing
1639,0.11645535714285715,False,MEDIUM,1,0,1,20,missing
1640,0.18100000000000005,True,HIGH,1,0,1,19,Enrolled
1641,0.10550312500000002,False,LOW,1,0,1,20,Graduate
1642,0.1340857142857143,False,MEDIUM,1,0,1,20,Graduate
1643,0.11859583333333334,False,MEDIUM,1,0,1,18,Graduate
1644,0.1950666666666667,True,HIGH,1,0,1,20,Enrolled
1645,0.549875,True,HIGH,0,1,1,19,Dropout
1646,0.39521249999999997,True,HIGH,1,0,1,29,Dropout
1647,0.10334126984126986,False,LOW,1,0,1,18,Graduate
1648,0.1625,True,HIGH,1,0,0,25,Graduate
1649,0.38046250000000004,True,HIGH,1,0,1,18,Dropout
1650,0.2096875,True,HIGH,1,0,1,27,Enrolled
1651,0.11802061688311688,False,MEDIUM,1,0,0,32,Graduate
1652,0.3680875,True,HIGH,1,0,1,18,Graduate
1653,0.11718095238095239,False,MEDIUM,1,0,1,19,Graduate
1654,0.5466208333333333,True,HIGH,0,0,1,19,Dropout
1655,0.1499375,False,MEDIUM,1,0,1,24,Graduate
1656,0.679275,True,HIGH,0,1,1,18,Dropout
1657,0.4125660714285714,True,HIGH,1,1,1,20,Graduate
1658,0.34087500000000004,True,HIGH,1,0,1,43,Dropout
1659,0.21225892857142858,True,HIGH,1,0,1,22,Enrolled
1660,0.11223333333333334,False,MEDIUM,1,0,1,20,Graduate
1661,0.49692159090909094,True,HIGH,1,1,1,20,Enrolled
1662,0.37141250000000003,True,HIGH,1,0,1,21,Graduate
1663,0.1462857142857143,False,MEDIUM,1,0,1,24,Graduate
1664,0.1451375,False,MEDIUM,1,0,1,19,Graduate
1665,0.4295113095238095,True,HIGH,1,1,1,18,Graduate
1666,0.3235458333333333,True,HIGH,1,0,1,44,Dropout
1667,0.10586249999999998,False,LOW,1,0,1,18,Graduate
1668,0.40286428571428573,True,HIGH,1,0,1,37,Dropout
1669,0.12805357142857143,False,MEDIUM,1,0,1,19,Graduate
1670,0.37578750000000005,True,HIGH,1,0,1,19,Dropout
1671,0.13653467261904761,False,MEDIUM,1,0,1,18,Graduate
1672,0.10809583333333335,False,MEDIUM,1,0,1,18,Graduate
1673,0.14196785714285715,False,MEDIUM,1,0,1,19,Graduate
1674,0.13688392857142861,False,MEDIUM,1,0,1,19,Graduate
1675,0.5129958333333333,True,HIGH,0,0,1,18,Dropout
1676,0.2006875,True,HIGH,1,0,1,18,Enrolled
1677,0.17372500000000002,True,HIGH,1,0,1,18,Dropout
1678,0.1892125,True,HIGH,1,0,1,18,Enrolled
1679,0.09724583333333332,False,LOW,1,0,1,18,Graduate
1680,0.41987500000000005,True,HIGH,1,0,0,27,Dropout
1681,0.09166964285714285,False,LOW,1,0,0,22,Graduate
1682,0.14499285714285715,False,MEDIUM,1,0,1,18,Graduate
1683,0.11011249999999999,False,MEDIUM,1,0,1,18,Graduate
1684,0.36326250000000004,True,HIGH,1,0,1,19,Dropout
1685,0.11339285714285713,False,MEDIUM,1,0,1,21,Graduate
1686,0.1192857142857143,False,MEDIUM,1,0,0,31,Graduate
1687,0.13014583333333335,False,MEDIUM,1,0,0,46,Graduate
1688,0.12971875000000002,False,MEDIUM,1,0,1,20,Graduate
1689,0.22712500000000002,True,HIGH,1,0,0,26,Enrolled
1690,0.395525,True,HIGH,1,0,1,29,Dropout
1691,0.1396857142857143,False,MEDIUM,1,0,0,24,Graduate
1692,0.11231284722222222,False,MEDIUM,1,0,1,32,Enrolled
1693,0.21218500000000004,True,HIGH,1,0,1,18,Dropout
1694,0.08277840909090908,False,LOW,1,0,1,20,Graduate
1695,0.12008333333333335,False,MEDIUM,1,0,1,18,Graduate
1696,0.21708333333333335,True,HIGH,1,0,1,18,Dropout
1697,0.3279642857142857,True,HIGH,1,0,1,20,Dropout
1698,0.11721666666666666,False,MEDIUM,1,0,1,18,Graduate
1699,0.07989305555555558,False,LOW,1,0,1,18,Graduate
1700,0.14140833333333333,False,MEDIUM,1,0,1,19,Graduate
1701,0.6723625,True,HIGH,0,0,1,25,Dropout
1702,0.13710892857142856,False,MEDIUM,1,0,1,18,Enrolled
1703,0.09058511904761904,False,LOW,1,0,1,19,Graduate
1704,0.2004541666666667,True,HIGH,1,0,1,19,Enrolled
1705,0.6200666666666667,True,HIGH,0,0,1,32,Dropout
1706,0.11572222222222221,False,MEDIUM,1,0,1,18,Dropout
1707,0.15906250000000002,True,HIGH,1,0,1,20,Graduate
1708,0.2841708333333334,True,HIGH,1,0,0,38,Dropout
1709,0.3837125,True,HIGH,1,0,1,22,Dropout
1710,0.15029583333333335,False,MEDIUM,1,0,1,19,Dropout
1711,0.10171250000000003,False,LOW,1,0,1,19,Graduate
1712,0.08666666666666667,False,LOW,1,0,1,19,Graduate
1713,0.09573928571428574,False,LOW,1,0,1,19,Graduate
1714,0.36838750000000003,True,HIGH,1,0,1,19,Dropout
1715,0.23939464285714288,True,HIGH,1,0,1,19,Enrolled
1716,0.1245375,False,MEDIUM,1,0,1,19,Graduate
1717,0.10586468253968255,False,LOW,1,0,1,18,Graduate
1718,0.11578749999999999,False,MEDIUM,1,0,1,18,Graduate
1719,0.09686329365079366,False,LOW,1,0,1,18,Graduate
1720,0.10383750000000003,False,LOW,1,0,1,18,Graduate
1721,0.14119285714285715,False,MEDIUM,1,0,1,24,Enrolled
1722,0.13792083333333335,False,MEDIUM,1,0,1,19,Enrolled
1723,0.1167607142857143,False,MEDIUM,1,0,1,26,Graduate
1724,0.25900416666666665,True,HIGH,1,0,1,20,Dropout
1725,0.19,True,HIGH,1,0,0,39,missing
1726,0.12019583333333334,False,MEDIUM,1,0,0,43,Graduate
1727,0.14046785714285714,False,MEDIUM,1,0,1,18,Graduate
1728,0.14727916666666666,False,MEDIUM,1,0,1,19,Dropout
1729,0.5664458333333333,True,HIGH,0,0,1,26,Dropout
1730,0.12485416666666668,False,MEDIUM,1,0,0,36,Graduate
1731,0.15018333333333334,False,MEDIUM,1,0,1,18,Graduate
1732,0.6833874999999999,True,HIGH,0,1,0,37,Dropout
1733,0.2103,True,HIGH,1,0,1,26,Graduate
1734,0.4454386904761905,True,HIGH,0,1,1,33,Enrolled
1735,0.14508333333333334,False,MEDIUM,1,0,1,22,Dropout
1736,0.6764375,True,HIGH,0,1,1,20,Dropout
1737,0.09387242063492064,False,LOW,1,0,1,18,Graduate
1738,0.12937916666666668,False,MEDIUM,1,0,0,33,Graduate
1739,0.12758333333333333,False,MEDIUM,1,0,0,27,Graduate
1740,0.1610375,True,HIGH,1,0,1,18,Enrolled
1741,0.32795833333333335,True,HIGH,1,0,1,20,Enrolled
1742,0.17208333333333337,True,HIGH,1,0,1,21,Dropout
1743,0.20725000000000002,True,HIGH,1,0,1,19,Enrolled
1744,0.16682500000000003,True,HIGH,1,0,0,47,Graduate
1745,0.10137142857142857,False,LOW,1,0,1,18,Graduate
1746,0.12915178571428573,False,MEDIUM,1,0,1,19,Graduate
1747,0.36717500000000003,True,HIGH,1,0,1,18,Graduate
1748,0.42112499999999997,True,HIGH,1,1,1,19,Enrolled
1749,0.4333571428571429,True,HIGH,0,1,1,23,Dropout
1750,0.10374583333333334,False,LOW,1,0,1,20,Graduate
1751,0.1582875,True,HIGH,1,0,1,19,Dropout
1752,0.27183749999999995,True,HIGH,1,0,0,28,missing
1753,0.11871666666666666,False,MEDIUM,1,0,1,18,Graduate
1754,0.05500000000000001,False,LOW,1,0,1,38,Graduate
1755,0.121925,False,MEDIUM,1,0,1,19,Graduate
1756,0.10067083333333336,False,LOW,1,0,1,18,Graduate
1757,0.14853125,False,MEDIUM,1,0,1,18,missing
1758,0.4641625,True,HIGH,1,1,1,20,Graduate
1759,0.184275,True,HIGH,1,0,1,20,Enrolled
1760,0.0963625,False,LOW,1,0,1,18,Graduate
1761,0.7422375,True,HIGH,0,0,1,28,Dropout
1762,0.11037187500000002,False,MEDIUM,1,0,1,19,Graduate
1763,0.14030357142857142,False,MEDIUM,1,0,1,21,Graduate
1764,0.1178875,False,MEDIUM,1,0,1,18,Graduate
1765,0.3800625,True,HIGH,1,0,1,20,Dropout
1766,0.6689625,True,HIGH,0,1,1,28,Dropout
1767,0.12946666666666665,False,MEDIUM,1,0,1,22,Graduate
